{
  "annotations": {
    "list": [
      {
        "builtIn": 1,
        "datasource": {
          "type": "grafana",
          "uid": "-- Grafana --"
        },
        "enable": true,
        "hide": true,
        "iconColor": "rgba(0, 211, 255, 1)",
        "name": "Annotations & Alerts",
        "target": {
          "limit": 100,
          "matchAny": false,
          "tags": [],
          "type": "dashboard"
        },
        "type": "dashboard"
      }
    ]
  },
  "editable": true,
  "fiscalYearStartMonth": 0,
  "graphTooltip": 0,
  "links": [],
  "liveNow": false,
  "panels": [
    {
      "collapsed": false,
      "datasource": {
        "type": "prometheus",
        "uid": "prometheus"
      },
      "gridPos": {
        "h": 1,
        "w": 24,
        "x": 0,
        "y": 0
      },
      "id": 19,
      "panels": [],
      "targets": [
        {
          "datasource": {
            "type": "prometheus",
            "uid": "prometheus"
          },
          "refId": "A"
        }
      ],
      "title": "Headlines",
      "type": "row"
    },
    {
      "datasource": {
        "uid": "$datasource"
      },
      "fieldConfig": {
        "defaults": {
          "color": {
            "mode": "thresholds"
          },
          "mappings": [],
          "thresholds": {
            "mode": "absolute",
            "steps": [
              {
                "color": "green",
                "value": null
              },
              {
                "color": "red",
                "value": 80
              }
            ]
          },
          "unit": "percentunit"
        },
        "overrides": []
      },
      "gridPos": {
        "h": 3,
        "w": 6,
        "x": 0,
        "y": 1
      },
      "id": 1,
      "interval": "1m",
      "links": [],
      "options": {
        "colorMode": "none",
        "graphMode": "none",
        "justifyMode": "auto",
        "orientation": "horizontal",
        "reduceOptions": {
          "calcs": [
            "mean"
          ],
          "fields": "",
          "values": false
        },
        "textMode": "auto"
      },
      "pluginVersion": "9.3.1",
      "targets": [
        {
          "datasource": {
            "uid": "$datasource"
          },
          "expr": "sum(node_namespace_pod_container:container_cpu_usage_seconds_total:sum_irate{cluster=\"$cluster\", namespace=\"$namespace\"}) / sum(kube_pod_container_resource_requests{job=\"kube-state-metrics\", cluster=\"$cluster\", namespace=\"$namespace\", resource=\"cpu\"})",
          "format": "time_series",
          "instant": true,
          "intervalFactor": 2,
          "refId": "A"
        }
      ],
      "title": "CPU Utilisation (from requests)",
      "type": "stat"
    },
    {
      "datasource": {
        "uid": "$datasource"
      },
      "fieldConfig": {
        "defaults": {
          "color": {
            "mode": "thresholds"
          },
          "mappings": [],
          "thresholds": {
            "mode": "absolute",
            "steps": [
              {
                "color": "green",
                "value": null
              },
              {
                "color": "red",
                "value": 80
              }
            ]
          },
          "unit": "percentunit"
        },
        "overrides": []
      },
      "gridPos": {
        "h": 3,
        "w": 6,
        "x": 6,
        "y": 1
      },
      "id": 2,
      "interval": "1m",
      "links": [],
      "options": {
        "colorMode": "none",
        "graphMode": "none",
        "justifyMode": "auto",
        "orientation": "horizontal",
        "reduceOptions": {
          "calcs": [
            "mean"
          ],
          "fields": "",
          "values": false
        },
        "textMode": "auto"
      },
      "pluginVersion": "9.3.1",
      "targets": [
        {
          "datasource": {
            "uid": "$datasource"
          },
          "expr": "sum(node_namespace_pod_container:container_cpu_usage_seconds_total:sum_irate{cluster=\"$cluster\", namespace=\"$namespace\"}) / sum(kube_pod_container_resource_limits{job=\"kube-state-metrics\", cluster=\"$cluster\", namespace=\"$namespace\", resource=\"cpu\"})",
          "format": "time_series",
          "instant": true,
          "intervalFactor": 2,
          "refId": "A"
        }
      ],
      "title": "CPU Utilisation (from limits)",
      "type": "stat"
    },
    {
      "datasource": {
        "uid": "$datasource"
      },
      "fieldConfig": {
        "defaults": {
          "color": {
            "mode": "thresholds"
          },
          "mappings": [],
          "thresholds": {
            "mode": "absolute",
            "steps": [
              {
                "color": "green",
                "value": null
              },
              {
                "color": "red",
                "value": 80
              }
            ]
          },
          "unit": "percentunit"
        },
        "overrides": []
      },
      "gridPos": {
        "h": 3,
        "w": 6,
        "x": 12,
        "y": 1
      },
      "id": 3,
      "interval": "1m",
      "links": [],
      "options": {
        "colorMode": "none",
        "graphMode": "none",
        "justifyMode": "auto",
        "orientation": "horizontal",
        "reduceOptions": {
          "calcs": [
            "mean"
          ],
          "fields": "",
          "values": false
        },
        "textMode": "auto"
      },
      "pluginVersion": "9.3.1",
      "targets": [
        {
          "datasource": {
            "uid": "$datasource"
          },
          "expr": "sum(container_memory_working_set_bytes{job=\"kubelet\", metrics_path=\"/metrics/cadvisor\", cluster=\"$cluster\", namespace=\"$namespace\",container!=\"\", image!=\"\"}) / sum(kube_pod_container_resource_requests{job=\"kube-state-metrics\", cluster=\"$cluster\", namespace=\"$namespace\", resource=\"memory\"})",
          "format": "time_series",
          "instant": true,
          "intervalFactor": 2,
          "refId": "A"
        }
      ],
      "title": "Memory Utilisation (from requests)",
      "type": "stat"
    },
    {
      "datasource": {
        "uid": "$datasource"
      },
      "fieldConfig": {
        "defaults": {
          "color": {
            "mode": "thresholds"
          },
          "mappings": [],
          "thresholds": {
            "mode": "absolute",
            "steps": [
              {
                "color": "green",
                "value": null
              },
              {
                "color": "red",
                "value": 80
              }
            ]
          },
          "unit": "percentunit"
        },
        "overrides": []
      },
      "gridPos": {
        "h": 3,
        "w": 6,
        "x": 18,
        "y": 1
      },
      "id": 4,
      "interval": "1m",
      "links": [],
      "options": {
        "colorMode": "none",
        "graphMode": "none",
        "justifyMode": "auto",
        "orientation": "horizontal",
        "reduceOptions": {
          "calcs": [
            "mean"
          ],
          "fields": "",
          "values": false
        },
        "textMode": "auto"
      },
      "pluginVersion": "9.3.1",
      "targets": [
        {
          "datasource": {
            "uid": "$datasource"
          },
          "expr": "sum(container_memory_working_set_bytes{job=\"kubelet\", metrics_path=\"/metrics/cadvisor\", cluster=\"$cluster\", namespace=\"$namespace\",container!=\"\", image!=\"\"}) / sum(kube_pod_container_resource_limits{job=\"kube-state-metrics\", cluster=\"$cluster\", namespace=\"$namespace\", resource=\"memory\"})",
          "format": "time_series",
          "instant": true,
          "intervalFactor": 2,
          "refId": "A"
        }
      ],
      "title": "Memory Utilisation (from limits)",
      "type": "stat"
    },
    {
      "collapsed": false,
      "datasource": {
        "type": "prometheus",
        "uid": "prometheus"
      },
      "gridPos": {
        "h": 1,
        "w": 24,
        "x": 0,
        "y": 4
      },
      "id": 20,
      "panels": [],
      "targets": [
        {
          "datasource": {
            "type": "prometheus",
            "uid": "prometheus"
          },
          "refId": "A"
        }
      ],
      "title": "CPU Usage",
      "type": "row"
    },
    {
      "aliasColors": {},
      "bars": false,
      "dashLength": 10,
      "dashes": false,
      "datasource": {
        "uid": "$datasource"
      },
      "fill": 10,
      "fillGradient": 0,
      "gridPos": {
        "h": 7,
        "w": 24,
        "x": 0,
        "y": 5
      },
      "hiddenSeries": false,
      "id": 5,
      "interval": "1m",
      "legend": {
        "alignAsTable": true,
        "avg": false,
        "current": false,
        "max": false,
        "min": false,
        "rightSide": true,
        "show": true,
        "total": false,
        "values": false
      },
      "lines": true,
      "linewidth": 0,
      "links": [],
      "nullPointMode": "null as zero",
      "options": {
        "alertThreshold": true
      },
      "percentage": false,
      "pluginVersion": "9.3.1",
      "pointradius": 5,
      "points": false,
      "renderer": "flot",
      "seriesOverrides": [
        {
          "alias": "quota - requests",
          "color": "#F2495C",
          "dashes": true,
          "fill": 0,
          "hiddenSeries": true,
          "hideTooltip": true,
          "legend": true,
          "linewidth": 2,
          "stack": false
        },
        {
          "alias": "quota - limits",
          "color": "#FF9830",
          "dashes": true,
          "fill": 0,
          "hiddenSeries": true,
          "hideTooltip": true,
          "legend": true,
          "linewidth": 2,
          "stack": false
        }
      ],
      "spaceLength": 10,
      "stack": true,
      "steppedLine": false,
      "targets": [
        {
          "datasource": {
            "uid": "$datasource"
          },
          "expr": "sum(node_namespace_pod_container:container_cpu_usage_seconds_total:sum_irate{cluster=\"$cluster\", namespace=\"$namespace\"}) by (pod)",
          "format": "time_series",
          "intervalFactor": 2,
          "legendFormat": "{{pod}}",
          "refId": "A",
          "step": 10
        },
        {
          "datasource": {
            "uid": "$datasource"
          },
          "expr": "scalar(kube_resourcequota{cluster=\"$cluster\", namespace=\"$namespace\", type=\"hard\",resource=\"requests.cpu\"})",
          "format": "time_series",
          "intervalFactor": 2,
          "legendFormat": "quota - requests",
          "refId": "B",
          "step": 10
        },
        {
          "datasource": {
            "uid": "$datasource"
          },
          "expr": "scalar(kube_resourcequota{cluster=\"$cluster\", namespace=\"$namespace\", type=\"hard\",resource=\"limits.cpu\"})",
          "format": "time_series",
          "intervalFactor": 2,
          "legendFormat": "quota - limits",
          "refId": "C",
          "step": 10
        }
      ],
      "thresholds": [],
      "timeRegions": [],
      "title": "CPU Usage",
      "tooltip": {
        "shared": false,
        "sort": 2,
        "value_type": "individual"
      },
      "type": "graph",
      "xaxis": {
        "mode": "time",
        "show": true,
        "values": []
      },
      "yaxes": [
        {
          "format": "short",
          "logBase": 1,
          "min": 0,
          "show": true
        },
        {
          "format": "short",
          "logBase": 1,
          "show": false
        }
      ],
      "yaxis": {
        "align": false
      }
    },
    {
      "collapsed": false,
      "datasource": {
        "type": "prometheus",
        "uid": "prometheus"
      },
      "gridPos": {
        "h": 1,
        "w": 24,
        "x": 0,
        "y": 12
      },
      "id": 21,
      "panels": [],
      "targets": [
        {
          "datasource": {
            "type": "prometheus",
            "uid": "prometheus"
          },
          "refId": "A"
        }
      ],
      "title": "CPU Quota",
      "type": "row"
    },
    {
      "aliasColors": {},
      "bars": false,
      "columns": [],
      "dashLength": 10,
      "dashes": false,
      "datasource": {
        "uid": "$datasource"
      },
      "fill": 1,
      "fontSize": "100%",
      "gridPos": {
        "h": 7,
        "w": 24,
        "x": 0,
        "y": 13
      },
      "id": 6,
      "interval": "1m",
      "legend": {
        "alignAsTable": true,
        "avg": false,
        "current": false,
        "max": false,
        "min": false,
        "rightSide": true,
        "show": true,
        "total": false,
        "values": false
      },
      "lines": true,
      "linewidth": 1,
      "links": [],
      "nullPointMode": "null as zero",
      "percentage": false,
      "pointradius": 5,
      "points": false,
      "renderer": "flot",
      "seriesOverrides": [],
      "showHeader": true,
      "sort": {
        "col": 0,
        "desc": true
      },
      "spaceLength": 10,
      "stack": false,
      "steppedLine": false,
      "styles": [
        {
          "alias": "Time",
          "align": "auto",
          "dateFormat": "YYYY-MM-DD HH:mm:ss",
          "pattern": "Time",
          "type": "hidden"
        },
        {
          "alias": "CPU Usage",
          "align": "auto",
          "colors": [],
          "dateFormat": "YYYY-MM-DD HH:mm:ss",
          "decimals": 2,
          "link": false,
          "linkTargetBlank": false,
          "linkTooltip": "Drill down",
          "linkUrl": "",
          "pattern": "Value #A",
          "thresholds": [],
          "type": "number",
          "unit": "short"
        },
        {
          "alias": "CPU Requests",
          "align": "auto",
          "colors": [],
          "dateFormat": "YYYY-MM-DD HH:mm:ss",
          "decimals": 2,
          "link": false,
          "linkTargetBlank": false,
          "linkTooltip": "Drill down",
          "linkUrl": "",
          "pattern": "Value #B",
          "thresholds": [],
          "type": "number",
          "unit": "short"
        },
        {
          "alias": "CPU Requests %",
          "align": "auto",
          "colors": [],
          "dateFormat": "YYYY-MM-DD HH:mm:ss",
          "decimals": 2,
          "link": false,
          "linkTargetBlank": false,
          "linkTooltip": "Drill down",
          "linkUrl": "",
          "pattern": "Value #C",
          "thresholds": [],
          "type": "number",
          "unit": "percentunit"
        },
        {
          "alias": "CPU Limits",
          "align": "auto",
          "colors": [],
          "dateFormat": "YYYY-MM-DD HH:mm:ss",
          "decimals": 2,
          "link": false,
          "linkTargetBlank": false,
          "linkTooltip": "Drill down",
          "linkUrl": "",
          "pattern": "Value #D",
          "thresholds": [],
          "type": "number",
          "unit": "short"
        },
        {
          "alias": "CPU Limits %",
          "align": "auto",
          "colors": [],
          "dateFormat": "YYYY-MM-DD HH:mm:ss",
          "decimals": 2,
          "link": false,
          "linkTargetBlank": false,
          "linkTooltip": "Drill down",
          "linkUrl": "",
          "pattern": "Value #E",
          "thresholds": [],
          "type": "number",
          "unit": "percentunit"
        },
        {
          "alias": "Pod",
          "align": "auto",
          "colors": [],
          "dateFormat": "YYYY-MM-DD HH:mm:ss",
          "decimals": 2,
          "link": true,
          "linkTargetBlank": false,
          "linkTooltip": "Drill down",
          "linkUrl": "/d/6581e46e4e5c7ba40a07646395ef7b23/k8s-resources-pod?var-datasource=$datasource&var-cluster=$cluster&var-namespace=$namespace&var-pod=$__cell",
          "pattern": "pod",
          "thresholds": [],
          "type": "number",
          "unit": "short"
        },
        {
          "alias": "",
          "align": "auto",
          "colors": [],
          "dateFormat": "YYYY-MM-DD HH:mm:ss",
          "decimals": 2,
          "pattern": "/.*/",
          "thresholds": [],
          "type": "string",
          "unit": "short"
        }
      ],
      "targets": [
        {
          "datasource": {
            "uid": "$datasource"
          },
          "expr": "sum(node_namespace_pod_container:container_cpu_usage_seconds_total:sum_irate{cluster=\"$cluster\", namespace=\"$namespace\"}) by (pod)",
          "format": "table",
          "instant": true,
          "intervalFactor": 2,
          "legendFormat": "",
          "refId": "A",
          "step": 10
        },
        {
          "datasource": {
            "uid": "$datasource"
          },
          "expr": "sum(cluster:namespace:pod_cpu:active:kube_pod_container_resource_requests{cluster=\"$cluster\", namespace=\"$namespace\"}) by (pod)",
          "format": "table",
          "instant": true,
          "intervalFactor": 2,
          "legendFormat": "",
          "refId": "B",
          "step": 10
        },
        {
          "datasource": {
            "uid": "$datasource"
          },
          "expr": "sum(node_namespace_pod_container:container_cpu_usage_seconds_total:sum_irate{cluster=\"$cluster\", namespace=\"$namespace\"}) by (pod) / sum(cluster:namespace:pod_cpu:active:kube_pod_container_resource_requests{cluster=\"$cluster\", namespace=\"$namespace\"}) by (pod)",
          "format": "table",
          "instant": true,
          "intervalFactor": 2,
          "legendFormat": "",
          "refId": "C",
          "step": 10
        },
        {
          "datasource": {
            "uid": "$datasource"
          },
          "expr": "sum(cluster:namespace:pod_cpu:active:kube_pod_container_resource_limits{cluster=\"$cluster\", namespace=\"$namespace\"}) by (pod)",
          "format": "table",
          "instant": true,
          "intervalFactor": 2,
          "legendFormat": "",
          "refId": "D",
          "step": 10
        },
        {
          "datasource": {
            "uid": "$datasource"
          },
          "expr": "sum(node_namespace_pod_container:container_cpu_usage_seconds_total:sum_irate{cluster=\"$cluster\", namespace=\"$namespace\"}) by (pod) / sum(cluster:namespace:pod_cpu:active:kube_pod_container_resource_limits{cluster=\"$cluster\", namespace=\"$namespace\"}) by (pod)",
          "format": "table",
          "instant": true,
          "intervalFactor": 2,
          "legendFormat": "",
          "refId": "E",
          "step": 10
        }
      ],
      "thresholds": [],
      "title": "CPU Quota",
      "tooltip": {
        "shared": false,
        "sort": 2,
        "value_type": "individual"
      },
      "transform": "table",
      "type": "table-old",
      "xaxis": {
        "mode": "time",
        "show": true,
        "values": []
      },
      "yaxes": [
        {
          "format": "short",
          "logBase": 1,
          "min": 0,
          "show": true
        },
        {
          "format": "short",
          "logBase": 1,
          "show": false
        }
      ]
    },
    {
      "collapsed": false,
      "datasource": {
        "type": "prometheus",
        "uid": "prometheus"
      },
      "gridPos": {
        "h": 1,
        "w": 24,
        "x": 0,
        "y": 20
      },
      "id": 22,
      "panels": [],
      "targets": [
        {
          "datasource": {
            "type": "prometheus",
            "uid": "prometheus"
          },
          "refId": "A"
        }
      ],
      "title": "Memory Usage",
      "type": "row"
    },
    {
      "aliasColors": {},
      "bars": false,
      "dashLength": 10,
      "dashes": false,
      "datasource": {
        "uid": "$datasource"
      },
      "fill": 10,
      "fillGradient": 0,
      "gridPos": {
        "h": 7,
        "w": 24,
        "x": 0,
        "y": 21
      },
      "hiddenSeries": false,
      "id": 7,
      "interval": "1m",
      "legend": {
        "alignAsTable": true,
        "avg": false,
        "current": false,
        "max": false,
        "min": false,
        "rightSide": true,
        "show": true,
        "total": false,
        "values": false
      },
      "lines": true,
      "linewidth": 0,
      "links": [],
      "nullPointMode": "null as zero",
      "options": {
        "alertThreshold": true
      },
      "percentage": false,
      "pluginVersion": "9.3.1",
      "pointradius": 5,
      "points": false,
      "renderer": "flot",
      "seriesOverrides": [
        {
          "alias": "quota - requests",
          "color": "#F2495C",
          "dashes": true,
          "fill": 0,
          "hiddenSeries": true,
          "hideTooltip": true,
          "legend": true,
          "linewidth": 2,
          "stack": false
        },
        {
          "alias": "quota - limits",
          "color": "#FF9830",
          "dashes": true,
          "fill": 0,
          "hiddenSeries": true,
          "hideTooltip": true,
          "legend": true,
          "linewidth": 2,
          "stack": false
        }
      ],
      "spaceLength": 10,
      "stack": true,
      "steppedLine": false,
      "targets": [
        {
          "datasource": {
            "uid": "$datasource"
          },
          "expr": "sum(container_memory_working_set_bytes{job=\"kubelet\", metrics_path=\"/metrics/cadvisor\", cluster=\"$cluster\", namespace=\"$namespace\", container!=\"\", image!=\"\"}) by (pod)",
          "format": "time_series",
          "intervalFactor": 2,
          "legendFormat": "{{pod}}",
          "refId": "A",
          "step": 10
        },
        {
          "datasource": {
            "uid": "$datasource"
          },
          "expr": "scalar(kube_resourcequota{cluster=\"$cluster\", namespace=\"$namespace\", type=\"hard\",resource=\"requests.memory\"})",
          "format": "time_series",
          "intervalFactor": 2,
          "legendFormat": "quota - requests",
          "refId": "B",
          "step": 10
        },
        {
          "datasource": {
            "uid": "$datasource"
          },
          "expr": "scalar(kube_resourcequota{cluster=\"$cluster\", namespace=\"$namespace\", type=\"hard\",resource=\"limits.memory\"})",
          "format": "time_series",
          "intervalFactor": 2,
          "legendFormat": "quota - limits",
          "refId": "C",
          "step": 10
        }
      ],
      "thresholds": [],
      "timeRegions": [],
      "title": "Memory Usage (w/o cache)",
      "tooltip": {
        "shared": false,
        "sort": 2,
        "value_type": "individual"
      },
      "type": "graph",
      "xaxis": {
        "mode": "time",
        "show": true,
        "values": []
      },
      "yaxes": [
        {
          "format": "bytes",
          "logBase": 1,
          "min": 0,
          "show": true
        },
        {
          "format": "short",
          "logBase": 1,
          "show": false
        }
      ],
      "yaxis": {
        "align": false
      }
    },
    {
      "collapsed": false,
      "datasource": {
        "type": "prometheus",
        "uid": "prometheus"
      },
      "gridPos": {
        "h": 1,
        "w": 24,
        "x": 0,
        "y": 28
      },
      "id": 23,
      "panels": [],
      "targets": [
        {
          "datasource": {
            "type": "prometheus",
            "uid": "prometheus"
          },
          "refId": "A"
        }
      ],
      "title": "Memory Quota",
      "type": "row"
    },
    {
      "aliasColors": {},
      "bars": false,
      "dashLength": 10,
      "dashes": false,
      "datasource": {
        "uid": "$datasource"
      },
      "fill": 1,
      "gridPos": {
        "h": 7,
        "w": 24,
        "x": 0,
        "y": 29
      },
      "id": 8,
      "interval": "1m",
      "legend": {
        "alignAsTable": true,
        "avg": false,
        "current": false,
        "max": false,
        "min": false,
        "rightSide": true,
        "show": true,
        "total": false,
        "values": false
      },
      "lines": true,
      "linewidth": 1,
      "links": [],
      "nullPointMode": "null as zero",
      "percentage": false,
      "pointradius": 5,
      "points": false,
      "renderer": "flot",
      "seriesOverrides": [],
      "spaceLength": 10,
      "stack": false,
      "steppedLine": false,
      "styles": [
        {
          "alias": "Time",
          "align": "auto",
          "dateFormat": "YYYY-MM-DD HH:mm:ss",
          "pattern": "Time",
          "type": "hidden"
        },
        {
          "alias": "Memory Usage",
          "align": "auto",
          "colors": [],
          "dateFormat": "YYYY-MM-DD HH:mm:ss",
          "decimals": 2,
          "link": false,
          "linkTargetBlank": false,
          "linkTooltip": "Drill down",
          "linkUrl": "",
          "pattern": "Value #A",
          "thresholds": [],
          "type": "number",
          "unit": "bytes"
        },
        {
          "alias": "Memory Requests",
          "align": "auto",
          "colors": [],
          "dateFormat": "YYYY-MM-DD HH:mm:ss",
          "decimals": 2,
          "link": false,
          "linkTargetBlank": false,
          "linkTooltip": "Drill down",
          "linkUrl": "",
          "pattern": "Value #B",
          "thresholds": [],
          "type": "number",
          "unit": "bytes"
        },
        {
          "alias": "Memory Requests %",
          "align": "auto",
          "colors": [],
          "dateFormat": "YYYY-MM-DD HH:mm:ss",
          "decimals": 2,
          "link": false,
          "linkTargetBlank": false,
          "linkTooltip": "Drill down",
          "linkUrl": "",
          "pattern": "Value #C",
          "thresholds": [],
          "type": "number",
          "unit": "percentunit"
        },
        {
          "alias": "Memory Limits",
          "align": "auto",
          "colors": [],
          "dateFormat": "YYYY-MM-DD HH:mm:ss",
          "decimals": 2,
          "link": false,
          "linkTargetBlank": false,
          "linkTooltip": "Drill down",
          "linkUrl": "",
          "pattern": "Value #D",
          "thresholds": [],
          "type": "number",
          "unit": "bytes"
        },
        {
          "alias": "Memory Limits %",
          "align": "auto",
          "colors": [],
          "dateFormat": "YYYY-MM-DD HH:mm:ss",
          "decimals": 2,
          "link": false,
          "linkTargetBlank": false,
          "linkTooltip": "Drill down",
          "linkUrl": "",
          "pattern": "Value #E",
          "thresholds": [],
          "type": "number",
          "unit": "percentunit"
        },
        {
          "alias": "Memory Usage (RSS)",
          "align": "auto",
          "colors": [],
          "dateFormat": "YYYY-MM-DD HH:mm:ss",
          "decimals": 2,
          "link": false,
          "linkTargetBlank": false,
          "linkTooltip": "Drill down",
          "linkUrl": "",
          "pattern": "Value #F",
          "thresholds": [],
          "type": "number",
          "unit": "bytes"
        },
        {
          "alias": "Memory Usage (Cache)",
          "align": "auto",
          "colors": [],
          "dateFormat": "YYYY-MM-DD HH:mm:ss",
          "decimals": 2,
          "link": false,
          "linkTargetBlank": false,
          "linkTooltip": "Drill down",
          "linkUrl": "",
          "pattern": "Value #G",
          "thresholds": [],
          "type": "number",
          "unit": "bytes"
        },
        {
          "alias": "Memory Usage (Swap)",
          "align": "auto",
          "colors": [],
          "dateFormat": "YYYY-MM-DD HH:mm:ss",
          "decimals": 2,
          "link": false,
          "linkTargetBlank": false,
          "linkTooltip": "Drill down",
          "linkUrl": "",
          "pattern": "Value #H",
          "thresholds": [],
          "type": "number",
          "unit": "bytes"
        },
        {
          "alias": "Pod",
          "align": "auto",
          "colors": [],
          "dateFormat": "YYYY-MM-DD HH:mm:ss",
          "decimals": 2,
          "link": true,
          "linkTargetBlank": false,
          "linkTooltip": "Drill down",
          "linkUrl": "/d/6581e46e4e5c7ba40a07646395ef7b23/k8s-resources-pod?var-datasource=$datasource&var-cluster=$cluster&var-namespace=$namespace&var-pod=$__cell",
          "pattern": "pod",
          "thresholds": [],
          "type": "number",
          "unit": "short"
        },
        {
          "alias": "",
          "align": "auto",
          "colors": [],
          "dateFormat": "YYYY-MM-DD HH:mm:ss",
          "decimals": 2,
          "pattern": "/.*/",
          "thresholds": [],
          "type": "string",
          "unit": "short"
        }
      ],
      "targets": [
        {
          "datasource": {
            "uid": "$datasource"
          },
          "expr": "sum(container_memory_working_set_bytes{job=\"kubelet\", metrics_path=\"/metrics/cadvisor\", cluster=\"$cluster\", namespace=\"$namespace\",container!=\"\", image!=\"\"}) by (pod)",
          "format": "table",
          "instant": true,
          "intervalFactor": 2,
          "legendFormat": "",
          "refId": "A",
          "step": 10
        },
        {
          "datasource": {
            "uid": "$datasource"
          },
          "expr": "sum(cluster:namespace:pod_memory:active:kube_pod_container_resource_requests{cluster=\"$cluster\", namespace=\"$namespace\"}) by (pod)",
          "format": "table",
          "instant": true,
          "intervalFactor": 2,
          "legendFormat": "",
          "refId": "B",
          "step": 10
        },
        {
          "datasource": {
            "uid": "$datasource"
          },
          "expr": "sum(container_memory_working_set_bytes{job=\"kubelet\", metrics_path=\"/metrics/cadvisor\", cluster=\"$cluster\", namespace=\"$namespace\",container!=\"\", image!=\"\"}) by (pod) / sum(cluster:namespace:pod_memory:active:kube_pod_container_resource_requests{cluster=\"$cluster\", namespace=\"$namespace\"}) by (pod)",
          "format": "table",
          "instant": true,
          "intervalFactor": 2,
          "legendFormat": "",
          "refId": "C",
          "step": 10
        },
        {
          "datasource": {
            "uid": "$datasource"
          },
          "expr": "sum(cluster:namespace:pod_memory:active:kube_pod_container_resource_limits{cluster=\"$cluster\", namespace=\"$namespace\"}) by (pod)",
          "format": "table",
          "instant": true,
          "intervalFactor": 2,
          "legendFormat": "",
          "refId": "D",
          "step": 10
        },
        {
          "datasource": {
            "uid": "$datasource"
          },
          "expr": "sum(container_memory_working_set_bytes{job=\"kubelet\", metrics_path=\"/metrics/cadvisor\", cluster=\"$cluster\", namespace=\"$namespace\",container!=\"\", image!=\"\"}) by (pod) / sum(cluster:namespace:pod_memory:active:kube_pod_container_resource_limits{cluster=\"$cluster\", namespace=\"$namespace\"}) by (pod)",
          "format": "table",
          "instant": true,
          "intervalFactor": 2,
          "legendFormat": "",
          "refId": "E",
          "step": 10
        },
        {
          "datasource": {
            "uid": "$datasource"
          },
          "expr": "sum(container_memory_rss{job=\"kubelet\", metrics_path=\"/metrics/cadvisor\", cluster=\"$cluster\", namespace=\"$namespace\",container!=\"\"}) by (pod)",
          "format": "table",
          "instant": true,
          "intervalFactor": 2,
          "legendFormat": "",
          "refId": "F",
          "step": 10
        },
        {
          "datasource": {
            "uid": "$datasource"
          },
          "expr": "sum(container_memory_cache{job=\"kubelet\", metrics_path=\"/metrics/cadvisor\", cluster=\"$cluster\", namespace=\"$namespace\",container!=\"\"}) by (pod)",
          "format": "table",
          "instant": true,
          "intervalFactor": 2,
          "legendFormat": "",
          "refId": "G",
          "step": 10
        },
        {
          "datasource": {
            "uid": "$datasource"
          },
          "expr": "sum(container_memory_swap{job=\"kubelet\", metrics_path=\"/metrics/cadvisor\", cluster=\"$cluster\", namespace=\"$namespace\",container!=\"\"}) by (pod)",
          "format": "table",
          "instant": true,
          "intervalFactor": 2,
          "legendFormat": "",
          "refId": "H",
          "step": 10
        }
      ],
      "thresholds": [],
      "title": "Memory Quota",
      "tooltip": {
        "shared": false,
        "sort": 2,
        "value_type": "individual"
      },
      "transform": "table",
      "type": "table-old",
      "xaxis": {
        "mode": "time",
        "show": true,
        "values": []
      },
      "yaxes": [
        {
          "format": "short",
          "logBase": 1,
          "min": 0,
          "show": true
        },
        {
          "format": "short",
          "logBase": 1,
          "show": false
        }
      ]
    },
    {
      "collapsed": false,
      "datasource": {
        "type": "prometheus",
        "uid": "prometheus"
      },
      "gridPos": {
        "h": 1,
        "w": 24,
        "x": 0,
        "y": 36
      },
      "id": 24,
      "panels": [],
      "targets": [
        {
          "datasource": {
            "type": "prometheus",
            "uid": "prometheus"
          },
          "refId": "A"
        }
      ],
      "title": "Current Network Usage",
      "type": "row"
    },
    {
      "aliasColors": {},
      "bars": false,
      "dashLength": 10,
      "dashes": false,
      "datasource": {
        "uid": "$datasource"
      },
      "fill": 1,
      "gridPos": {
        "h": 7,
        "w": 24,
        "x": 0,
        "y": 37
      },
      "id": 9,
      "interval": "1m",
      "legend": {
        "alignAsTable": true,
        "avg": false,
        "current": false,
        "max": false,
        "min": false,
        "rightSide": true,
        "show": true,
        "total": false,
        "values": false
      },
      "lines": true,
      "linewidth": 1,
      "links": [],
      "nullPointMode": "null as zero",
      "percentage": false,
      "pointradius": 5,
      "points": false,
      "renderer": "flot",
      "seriesOverrides": [],
      "spaceLength": 10,
      "stack": false,
      "steppedLine": false,
      "styles": [
        {
          "alias": "Time",
          "align": "auto",
          "dateFormat": "YYYY-MM-DD HH:mm:ss",
          "pattern": "Time",
          "type": "hidden"
        },
        {
          "alias": "Current Receive Bandwidth",
          "align": "auto",
          "colors": [],
          "dateFormat": "YYYY-MM-DD HH:mm:ss",
          "decimals": 2,
          "link": false,
          "linkTargetBlank": false,
          "linkTooltip": "Drill down",
          "linkUrl": "",
          "pattern": "Value #A",
          "thresholds": [],
          "type": "number",
          "unit": "Bps"
        },
        {
          "alias": "Current Transmit Bandwidth",
          "align": "auto",
          "colors": [],
          "dateFormat": "YYYY-MM-DD HH:mm:ss",
          "decimals": 2,
          "link": false,
          "linkTargetBlank": false,
          "linkTooltip": "Drill down",
          "linkUrl": "",
          "pattern": "Value #B",
          "thresholds": [],
          "type": "number",
          "unit": "Bps"
        },
        {
          "alias": "Rate of Received Packets",
          "align": "auto",
          "colors": [],
          "dateFormat": "YYYY-MM-DD HH:mm:ss",
          "decimals": 2,
          "link": false,
          "linkTargetBlank": false,
          "linkTooltip": "Drill down",
          "linkUrl": "",
          "pattern": "Value #C",
          "thresholds": [],
          "type": "number",
          "unit": "pps"
        },
        {
          "alias": "Rate of Transmitted Packets",
          "align": "auto",
          "colors": [],
          "dateFormat": "YYYY-MM-DD HH:mm:ss",
          "decimals": 2,
          "link": false,
          "linkTargetBlank": false,
          "linkTooltip": "Drill down",
          "linkUrl": "",
          "pattern": "Value #D",
          "thresholds": [],
          "type": "number",
          "unit": "pps"
        },
        {
          "alias": "Rate of Received Packets Dropped",
          "align": "auto",
          "colors": [],
          "dateFormat": "YYYY-MM-DD HH:mm:ss",
          "decimals": 2,
          "link": false,
          "linkTargetBlank": false,
          "linkTooltip": "Drill down",
          "linkUrl": "",
          "pattern": "Value #E",
          "thresholds": [],
          "type": "number",
          "unit": "pps"
        },
        {
          "alias": "Rate of Transmitted Packets Dropped",
          "align": "auto",
          "colors": [],
          "dateFormat": "YYYY-MM-DD HH:mm:ss",
          "decimals": 2,
          "link": false,
          "linkTargetBlank": false,
          "linkTooltip": "Drill down",
          "linkUrl": "",
          "pattern": "Value #F",
          "thresholds": [],
          "type": "number",
          "unit": "pps"
        },
        {
          "alias": "Pod",
          "align": "auto",
          "colors": [],
          "dateFormat": "YYYY-MM-DD HH:mm:ss",
          "decimals": 2,
          "link": true,
          "linkTargetBlank": false,
          "linkTooltip": "Drill down to pods",
          "linkUrl": "/d/6581e46e4e5c7ba40a07646395ef7b23/k8s-resources-pod?var-datasource=$datasource&var-cluster=$cluster&var-namespace=$namespace&var-pod=$__cell",
          "pattern": "pod",
          "thresholds": [],
          "type": "number",
          "unit": "short"
        },
        {
          "alias": "",
          "align": "auto",
          "colors": [],
          "dateFormat": "YYYY-MM-DD HH:mm:ss",
          "decimals": 2,
          "pattern": "/.*/",
          "thresholds": [],
          "type": "string",
          "unit": "short"
        }
      ],
      "targets": [
        {
          "datasource": {
            "uid": "$datasource"
          },
          "expr": "sum(irate(container_network_receive_bytes_total{job=\"kubelet\", metrics_path=\"/metrics/cadvisor\", cluster=\"$cluster\", namespace=\"$namespace\"}[$__rate_interval])) by (pod)",
          "format": "table",
          "instant": true,
          "intervalFactor": 2,
          "legendFormat": "",
          "refId": "A",
          "step": 10
        },
        {
          "datasource": {
            "uid": "$datasource"
          },
          "expr": "sum(irate(container_network_transmit_bytes_total{job=\"kubelet\", metrics_path=\"/metrics/cadvisor\", cluster=\"$cluster\", namespace=\"$namespace\"}[$__rate_interval])) by (pod)",
          "format": "table",
          "instant": true,
          "intervalFactor": 2,
          "legendFormat": "",
          "refId": "B",
          "step": 10
        },
        {
          "datasource": {
            "uid": "$datasource"
          },
          "expr": "sum(irate(container_network_receive_packets_total{job=\"kubelet\", metrics_path=\"/metrics/cadvisor\", cluster=\"$cluster\", namespace=\"$namespace\"}[$__rate_interval])) by (pod)",
          "format": "table",
          "instant": true,
          "intervalFactor": 2,
          "legendFormat": "",
          "refId": "C",
          "step": 10
        },
        {
          "datasource": {
            "uid": "$datasource"
          },
          "expr": "sum(irate(container_network_transmit_packets_total{job=\"kubelet\", metrics_path=\"/metrics/cadvisor\", cluster=\"$cluster\", namespace=\"$namespace\"}[$__rate_interval])) by (pod)",
          "format": "table",
          "instant": true,
          "intervalFactor": 2,
          "legendFormat": "",
          "refId": "D",
          "step": 10
        },
        {
          "datasource": {
            "uid": "$datasource"
          },
          "expr": "sum(irate(container_network_receive_packets_dropped_total{job=\"kubelet\", metrics_path=\"/metrics/cadvisor\", cluster=\"$cluster\", namespace=\"$namespace\"}[$__rate_interval])) by (pod)",
          "format": "table",
          "instant": true,
          "intervalFactor": 2,
          "legendFormat": "",
          "refId": "E",
          "step": 10
        },
        {
          "datasource": {
            "uid": "$datasource"
          },
          "expr": "sum(irate(container_network_transmit_packets_dropped_total{job=\"kubelet\", metrics_path=\"/metrics/cadvisor\", cluster=\"$cluster\", namespace=\"$namespace\"}[$__rate_interval])) by (pod)",
          "format": "table",
          "instant": true,
          "intervalFactor": 2,
          "legendFormat": "",
          "refId": "F",
          "step": 10
        }
      ],
      "thresholds": [],
      "title": "Current Network Usage",
      "tooltip": {
        "shared": false,
        "sort": 2,
        "value_type": "individual"
      },
      "transform": "table",
      "type": "table-old",
      "xaxis": {
        "mode": "time",
        "show": true,
        "values": []
      },
      "yaxes": [
        {
          "format": "short",
          "logBase": 1,
          "min": 0,
          "show": true
        },
        {
          "format": "short",
          "logBase": 1,
          "show": false
        }
      ]
    },
    {
      "collapsed": false,
      "datasource": {
        "type": "prometheus",
        "uid": "prometheus"
      },
      "gridPos": {
        "h": 1,
        "w": 24,
        "x": 0,
        "y": 44
      },
      "id": 25,
      "panels": [],
      "targets": [
        {
          "datasource": {
            "type": "prometheus",
            "uid": "prometheus"
          },
          "refId": "A"
        }
      ],
      "title": "Bandwidth",
      "type": "row"
    },
    {
      "aliasColors": {},
      "bars": false,
      "dashLength": 10,
      "dashes": false,
      "datasource": {
        "uid": "$datasource"
      },
      "fill": 10,
      "gridPos": {
        "h": 7,
        "w": 12,
        "x": 0,
        "y": 45
      },
      "id": 10,
      "interval": "1m",
      "legend": {
        "alignAsTable": true,
        "avg": false,
        "current": false,
        "max": false,
        "min": false,
        "rightSide": true,
        "show": true,
        "total": false,
        "values": false
      },
      "lines": true,
      "linewidth": 0,
      "links": [],
      "nullPointMode": "null as zero",
      "percentage": false,
      "pointradius": 5,
      "points": false,
      "renderer": "flot",
      "seriesOverrides": [],
      "spaceLength": 10,
      "stack": true,
      "steppedLine": false,
      "targets": [
        {
          "datasource": {
            "uid": "$datasource"
          },
          "expr": "sum(irate(container_network_receive_bytes_total{cluster=\"$cluster\", namespace=\"$namespace\"}[$__rate_interval])) by (pod)",
          "format": "time_series",
          "intervalFactor": 2,
          "legendFormat": "{{pod}}",
          "refId": "A",
          "step": 10
        }
      ],
      "thresholds": [],
      "title": "Receive Bandwidth",
      "tooltip": {
        "shared": false,
        "sort": 2,
        "value_type": "individual"
      },
      "type": "graph",
      "xaxis": {
        "mode": "time",
        "show": true,
        "values": []
      },
      "yaxes": [
        {
          "format": "Bps",
          "logBase": 1,
          "min": 0,
          "show": true
        },
        {
          "format": "short",
          "logBase": 1,
          "show": false
        }
      ]
    },
    {
      "aliasColors": {},
      "bars": false,
      "dashLength": 10,
      "dashes": false,
      "datasource": {
        "uid": "$datasource"
      },
      "fill": 10,
      "gridPos": {
        "h": 7,
        "w": 12,
        "x": 12,
        "y": 45
      },
      "id": 11,
      "interval": "1m",
      "legend": {
        "alignAsTable": true,
        "avg": false,
        "current": false,
        "max": false,
        "min": false,
        "rightSide": true,
        "show": true,
        "total": false,
        "values": false
      },
      "lines": true,
      "linewidth": 0,
      "links": [],
      "nullPointMode": "null as zero",
      "percentage": false,
      "pointradius": 5,
      "points": false,
      "renderer": "flot",
      "seriesOverrides": [],
      "spaceLength": 10,
      "stack": true,
      "steppedLine": false,
      "targets": [
        {
          "datasource": {
            "uid": "$datasource"
          },
          "expr": "sum(irate(container_network_transmit_bytes_total{cluster=\"$cluster\", namespace=\"$namespace\"}[$__rate_interval])) by (pod)",
          "format": "time_series",
          "intervalFactor": 2,
          "legendFormat": "{{pod}}",
          "refId": "A",
          "step": 10
        }
      ],
      "thresholds": [],
      "title": "Transmit Bandwidth",
      "tooltip": {
        "shared": false,
        "sort": 2,
        "value_type": "individual"
      },
      "type": "graph",
      "xaxis": {
        "mode": "time",
        "show": true,
        "values": []
      },
      "yaxes": [
        {
          "format": "Bps",
          "logBase": 1,
          "min": 0,
          "show": true
        },
        {
          "format": "short",
          "logBase": 1,
          "show": false
        }
      ]
    },
    {
      "collapsed": false,
      "datasource": {
        "type": "prometheus",
        "uid": "prometheus"
      },
      "gridPos": {
        "h": 1,
        "w": 24,
        "x": 0,
        "y": 52
      },
      "id": 26,
      "panels": [],
      "targets": [
        {
          "datasource": {
            "type": "prometheus",
            "uid": "prometheus"
          },
          "refId": "A"
        }
      ],
      "title": "Rate of Packets",
      "type": "row"
    },
    {
      "aliasColors": {},
      "bars": false,
      "dashLength": 10,
      "dashes": false,
      "datasource": {
        "uid": "$datasource"
      },
      "fill": 10,
      "gridPos": {
        "h": 7,
        "w": 12,
        "x": 0,
        "y": 53
      },
      "id": 12,
      "interval": "1m",
      "legend": {
        "alignAsTable": true,
        "avg": false,
        "current": false,
        "max": false,
        "min": false,
        "rightSide": true,
        "show": true,
        "total": false,
        "values": false
      },
      "lines": true,
      "linewidth": 0,
      "links": [],
      "nullPointMode": "null as zero",
      "percentage": false,
      "pointradius": 5,
      "points": false,
      "renderer": "flot",
      "seriesOverrides": [],
      "spaceLength": 10,
      "stack": true,
      "steppedLine": false,
      "targets": [
        {
          "datasource": {
            "uid": "$datasource"
          },
          "expr": "sum(irate(container_network_receive_packets_total{cluster=\"$cluster\", namespace=\"$namespace\"}[$__rate_interval])) by (pod)",
          "format": "time_series",
          "intervalFactor": 2,
          "legendFormat": "{{pod}}",
          "refId": "A",
          "step": 10
        }
      ],
      "thresholds": [],
      "title": "Rate of Received Packets",
      "tooltip": {
        "shared": false,
        "sort": 2,
        "value_type": "individual"
      },
      "type": "graph",
      "xaxis": {
        "mode": "time",
        "show": true,
        "values": []
      },
      "yaxes": [
        {
          "format": "pps",
          "logBase": 1,
          "min": 0,
          "show": true
        },
        {
          "format": "short",
          "logBase": 1,
          "show": false
        }
      ]
    },
    {
      "aliasColors": {},
      "bars": false,
      "dashLength": 10,
      "dashes": false,
      "datasource": {
        "uid": "$datasource"
      },
      "fill": 10,
      "gridPos": {
        "h": 7,
        "w": 12,
        "x": 12,
        "y": 53
      },
      "id": 13,
      "interval": "1m",
      "legend": {
        "alignAsTable": true,
        "avg": false,
        "current": false,
        "max": false,
        "min": false,
        "rightSide": true,
        "show": true,
        "total": false,
        "values": false
      },
      "lines": true,
      "linewidth": 0,
      "links": [],
      "nullPointMode": "null as zero",
      "percentage": false,
      "pointradius": 5,
      "points": false,
      "renderer": "flot",
      "seriesOverrides": [],
      "spaceLength": 10,
      "stack": true,
      "steppedLine": false,
      "targets": [
        {
          "datasource": {
            "uid": "$datasource"
          },
          "expr": "sum(irate(container_network_transmit_packets_total{cluster=\"$cluster\", namespace=\"$namespace\"}[$__rate_interval])) by (pod)",
          "format": "time_series",
          "intervalFactor": 2,
          "legendFormat": "{{pod}}",
          "refId": "A",
          "step": 10
        }
      ],
      "thresholds": [],
      "title": "Rate of Transmitted Packets",
      "tooltip": {
        "shared": false,
        "sort": 2,
        "value_type": "individual"
      },
      "type": "graph",
      "xaxis": {
        "mode": "time",
        "show": true,
        "values": []
      },
      "yaxes": [
        {
          "format": "pps",
          "logBase": 1,
          "min": 0,
          "show": true
        },
        {
          "format": "short",
          "logBase": 1,
          "show": false
        }
      ]
    },
    {
      "collapsed": false,
      "datasource": {
        "type": "prometheus",
        "uid": "prometheus"
      },
      "gridPos": {
        "h": 1,
        "w": 24,
        "x": 0,
        "y": 60
      },
      "id": 27,
      "panels": [],
      "targets": [
        {
          "datasource": {
            "type": "prometheus",
            "uid": "prometheus"
          },
          "refId": "A"
        }
      ],
      "title": "Rate of Packets Dropped",
      "type": "row"
    },
    {
      "aliasColors": {},
      "bars": false,
      "dashLength": 10,
      "dashes": false,
      "datasource": {
        "uid": "$datasource"
      },
      "fill": 10,
      "gridPos": {
        "h": 7,
        "w": 12,
        "x": 0,
        "y": 61
      },
      "id": 14,
      "interval": "1m",
      "legend": {
        "alignAsTable": true,
        "avg": false,
        "current": false,
        "max": false,
        "min": false,
        "rightSide": true,
        "show": true,
        "total": false,
        "values": false
      },
      "lines": true,
      "linewidth": 0,
      "links": [],
      "nullPointMode": "null as zero",
      "percentage": false,
      "pointradius": 5,
      "points": false,
      "renderer": "flot",
      "seriesOverrides": [],
      "spaceLength": 10,
      "stack": true,
      "steppedLine": false,
      "targets": [
        {
          "datasource": {
            "uid": "$datasource"
          },
          "expr": "sum(irate(container_network_receive_packets_dropped_total{cluster=\"$cluster\", namespace=\"$namespace\"}[$__rate_interval])) by (pod)",
          "format": "time_series",
          "intervalFactor": 2,
          "legendFormat": "{{pod}}",
          "refId": "A",
          "step": 10
        }
      ],
      "thresholds": [],
      "title": "Rate of Received Packets Dropped",
      "tooltip": {
        "shared": false,
        "sort": 2,
        "value_type": "individual"
      },
      "type": "graph",
      "xaxis": {
        "mode": "time",
        "show": true,
        "values": []
      },
      "yaxes": [
        {
          "format": "pps",
          "logBase": 1,
          "min": 0,
          "show": true
        },
        {
          "format": "short",
          "logBase": 1,
          "show": false
        }
      ]
    },
    {
      "aliasColors": {},
      "bars": false,
      "dashLength": 10,
      "dashes": false,
      "datasource": {
        "uid": "$datasource"
      },
      "fill": 10,
      "gridPos": {
        "h": 7,
        "w": 12,
        "x": 12,
        "y": 61
      },
      "id": 15,
      "interval": "1m",
      "legend": {
        "alignAsTable": true,
        "avg": false,
        "current": false,
        "max": false,
        "min": false,
        "rightSide": true,
        "show": true,
        "total": false,
        "values": false
      },
      "lines": true,
      "linewidth": 0,
      "links": [],
      "nullPointMode": "null as zero",
      "percentage": false,
      "pointradius": 5,
      "points": false,
      "renderer": "flot",
      "seriesOverrides": [],
      "spaceLength": 10,
      "stack": true,
      "steppedLine": false,
      "targets": [
        {
          "datasource": {
            "uid": "$datasource"
          },
          "expr": "sum(irate(container_network_transmit_packets_dropped_total{cluster=\"$cluster\", namespace=\"$namespace\"}[$__rate_interval])) by (pod)",
          "format": "time_series",
          "intervalFactor": 2,
          "legendFormat": "{{pod}}",
          "refId": "A",
          "step": 10
        }
      ],
      "thresholds": [],
      "title": "Rate of Transmitted Packets Dropped",
      "tooltip": {
        "shared": false,
        "sort": 2,
        "value_type": "individual"
      },
      "type": "graph",
      "xaxis": {
        "mode": "time",
        "show": true,
        "values": []
      },
      "yaxes": [
        {
          "format": "pps",
          "logBase": 1,
          "min": 0,
          "show": true
        },
        {
          "format": "short",
          "logBase": 1,
          "show": false
        }
      ]
    },
    {
      "collapsed": false,
      "datasource": {
        "type": "prometheus",
        "uid": "prometheus"
      },
      "gridPos": {
        "h": 1,
        "w": 24,
        "x": 0,
        "y": 68
      },
      "id": 28,
      "panels": [],
      "targets": [
        {
          "datasource": {
            "type": "prometheus",
            "uid": "prometheus"
          },
          "refId": "A"
        }
      ],
      "title": "Storage IO",
      "type": "row"
    },
    {
      "aliasColors": {},
      "bars": false,
      "dashLength": 10,
      "dashes": false,
      "datasource": {
        "uid": "$datasource"
      },
      "decimals": -1,
      "fill": 10,
      "gridPos": {
        "h": 7,
        "w": 12,
        "x": 0,
        "y": 69
      },
      "id": 16,
      "interval": "1m",
      "legend": {
        "alignAsTable": true,
        "avg": false,
        "current": false,
        "max": false,
        "min": false,
        "rightSide": true,
        "show": true,
        "total": false,
        "values": false
      },
      "lines": true,
      "linewidth": 0,
      "links": [],
      "nullPointMode": "null as zero",
      "percentage": false,
      "pointradius": 5,
      "points": false,
      "renderer": "flot",
      "seriesOverrides": [],
      "spaceLength": 10,
      "stack": true,
      "steppedLine": false,
      "targets": [
        {
          "datasource": {
            "uid": "$datasource"
          },
          "expr": "ceil(sum by(pod) (rate(container_fs_reads_total{container!=\"\", device=~\"(/dev/)?(mmcblk.p.+|nvme.+|rbd.+|sd.+|vd.+|xvd.+|dm-.+|md.+|dasd.+)\", cluster=\"$cluster\", namespace=\"$namespace\"}[$__rate_interval]) + rate(container_fs_writes_total{container!=\"\", device=~\"(/dev/)?(mmcblk.p.+|nvme.+|rbd.+|sd.+|vd.+|xvd.+|dm-.+|md.+|dasd.+)\", cluster=\"$cluster\", namespace=\"$namespace\"}[$__rate_interval])))",
          "format": "time_series",
          "intervalFactor": 2,
          "legendFormat": "{{pod}}",
          "refId": "A",
          "step": 10
        }
      ],
      "thresholds": [],
      "title": "IOPS(Reads+Writes)",
      "tooltip": {
        "shared": false,
        "sort": 2,
        "value_type": "individual"
      },
      "type": "graph",
      "xaxis": {
        "mode": "time",
        "show": true,
        "values": []
      },
      "yaxes": [
        {
          "format": "short",
          "logBase": 1,
          "min": 0,
          "show": true
        },
        {
          "format": "short",
          "logBase": 1,
          "show": false
        }
      ]
    },
    {
      "aliasColors": {},
      "bars": false,
      "dashLength": 10,
      "dashes": false,
      "datasource": {
        "uid": "$datasource"
      },
      "fill": 10,
      "gridPos": {
        "h": 7,
        "w": 12,
        "x": 12,
        "y": 69
      },
      "id": 17,
      "interval": "1m",
      "legend": {
        "alignAsTable": true,
        "avg": false,
        "current": false,
        "max": false,
        "min": false,
        "rightSide": true,
        "show": true,
        "total": false,
        "values": false
      },
      "lines": true,
      "linewidth": 0,
      "links": [],
      "nullPointMode": "null as zero",
      "percentage": false,
      "pointradius": 5,
      "points": false,
      "renderer": "flot",
      "seriesOverrides": [],
      "spaceLength": 10,
      "stack": true,
      "steppedLine": false,
      "targets": [
        {
          "datasource": {
            "uid": "$datasource"
          },
          "expr": "sum by(pod) (rate(container_fs_reads_bytes_total{container!=\"\", device=~\"(/dev/)?(mmcblk.p.+|nvme.+|rbd.+|sd.+|vd.+|xvd.+|dm-.+|md.+|dasd.+)\", cluster=\"$cluster\", namespace=\"$namespace\"}[$__rate_interval]) + rate(container_fs_writes_bytes_total{container!=\"\", device=~\"(/dev/)?(mmcblk.p.+|nvme.+|rbd.+|sd.+|vd.+|xvd.+|dm-.+|md.+|dasd.+)\", cluster=\"$cluster\", namespace=\"$namespace\"}[$__rate_interval]))",
          "format": "time_series",
          "intervalFactor": 2,
          "legendFormat": "{{pod}}",
          "refId": "A",
          "step": 10
        }
      ],
      "thresholds": [],
      "title": "ThroughPut(Read+Write)",
      "tooltip": {
        "shared": false,
        "sort": 2,
        "value_type": "individual"
      },
      "type": "graph",
      "xaxis": {
        "mode": "time",
        "show": true,
        "values": []
      },
      "yaxes": [
        {
          "format": "Bps",
          "logBase": 1,
          "min": 0,
          "show": true
        },
        {
          "format": "short",
          "logBase": 1,
          "show": false
        }
      ]
    },
    {
      "collapsed": false,
      "datasource": {
        "type": "prometheus",
        "uid": "prometheus"
      },
      "gridPos": {
        "h": 1,
        "w": 24,
        "x": 0,
        "y": 76
      },
      "id": 29,
      "panels": [],
      "targets": [
        {
          "datasource": {
            "type": "prometheus",
            "uid": "prometheus"
          },
          "refId": "A"
        }
      ],
      "title": "Storage IO - Distribution",
      "type": "row"
    },
    {
      "aliasColors": {},
      "bars": false,
      "dashLength": 10,
      "dashes": false,
      "datasource": {
        "uid": "$datasource"
      },
      "fill": 1,
      "gridPos": {
        "h": 7,
        "w": 24,
        "x": 0,
        "y": 77
      },
      "id": 18,
      "interval": "1m",
      "legend": {
        "alignAsTable": true,
        "avg": false,
        "current": false,
        "max": false,
        "min": false,
        "rightSide": true,
        "show": true,
        "total": false,
        "values": false
      },
      "lines": true,
      "linewidth": 1,
      "links": [],
      "nullPointMode": "null as zero",
      "percentage": false,
      "pointradius": 5,
      "points": false,
      "renderer": "flot",
      "seriesOverrides": [],
      "sort": {
        "col": 4,
        "desc": true
      },
      "spaceLength": 10,
      "stack": false,
      "steppedLine": false,
      "styles": [
        {
          "alias": "Time",
          "align": "auto",
          "dateFormat": "YYYY-MM-DD HH:mm:ss",
          "pattern": "Time",
          "type": "hidden"
        },
        {
          "alias": "IOPS(Reads)",
          "align": "auto",
          "colors": [],
          "dateFormat": "YYYY-MM-DD HH:mm:ss",
          "decimals": -1,
          "link": false,
          "linkTargetBlank": false,
          "linkTooltip": "Drill down",
          "linkUrl": "",
          "pattern": "Value #A",
          "thresholds": [],
          "type": "number",
          "unit": "short"
        },
        {
          "alias": "IOPS(Writes)",
          "align": "auto",
          "colors": [],
          "dateFormat": "YYYY-MM-DD HH:mm:ss",
          "decimals": -1,
          "link": false,
          "linkTargetBlank": false,
          "linkTooltip": "Drill down",
          "linkUrl": "",
          "pattern": "Value #B",
          "thresholds": [],
          "type": "number",
          "unit": "short"
        },
        {
          "alias": "IOPS(Reads + Writes)",
          "align": "auto",
          "colors": [],
          "dateFormat": "YYYY-MM-DD HH:mm:ss",
          "decimals": -1,
          "link": false,
          "linkTargetBlank": false,
          "linkTooltip": "Drill down",
          "linkUrl": "",
          "pattern": "Value #C",
          "thresholds": [],
          "type": "number",
          "unit": "short"
        },
        {
          "alias": "Throughput(Read)",
          "align": "auto",
          "colors": [],
          "dateFormat": "YYYY-MM-DD HH:mm:ss",
          "decimals": 2,
          "link": false,
          "linkTargetBlank": false,
          "linkTooltip": "Drill down",
          "linkUrl": "",
          "pattern": "Value #D",
          "thresholds": [],
          "type": "number",
          "unit": "Bps"
        },
        {
          "alias": "Throughput(Write)",
          "align": "auto",
          "colors": [],
          "dateFormat": "YYYY-MM-DD HH:mm:ss",
          "decimals": 2,
          "link": false,
          "linkTargetBlank": false,
          "linkTooltip": "Drill down",
          "linkUrl": "",
          "pattern": "Value #E",
          "thresholds": [],
          "type": "number",
          "unit": "Bps"
        },
        {
          "alias": "Throughput(Read + Write)",
          "align": "auto",
          "colors": [],
          "dateFormat": "YYYY-MM-DD HH:mm:ss",
          "decimals": 2,
          "link": false,
          "linkTargetBlank": false,
          "linkTooltip": "Drill down",
          "linkUrl": "",
          "pattern": "Value #F",
          "thresholds": [],
          "type": "number",
          "unit": "Bps"
        },
        {
          "alias": "Pod",
          "align": "auto",
          "colors": [],
          "dateFormat": "YYYY-MM-DD HH:mm:ss",
          "decimals": 2,
          "link": true,
          "linkTargetBlank": false,
          "linkTooltip": "Drill down to pods",
          "linkUrl": "/d/6581e46e4e5c7ba40a07646395ef7b23/k8s-resources-pod?var-datasource=$datasource&var-cluster=$cluster&var-namespace=$namespace&var-pod=$__cell",
          "pattern": "pod",
          "thresholds": [],
          "type": "number",
          "unit": "short"
        },
        {
          "alias": "",
          "align": "auto",
          "colors": [],
          "dateFormat": "YYYY-MM-DD HH:mm:ss",
          "decimals": 2,
          "pattern": "/.*/",
          "thresholds": [],
          "type": "string",
          "unit": "short"
        }
      ],
      "targets": [
        {
          "datasource": {
            "uid": "$datasource"
          },
          "expr": "sum by(pod) (rate(container_fs_reads_total{job=\"kubelet\", metrics_path=\"/metrics/cadvisor\", device=~\"(/dev/)?(mmcblk.p.+|nvme.+|rbd.+|sd.+|vd.+|xvd.+|dm-.+|md.+|dasd.+)\", container!=\"\", cluster=\"$cluster\", namespace=\"$namespace\"}[$__rate_interval]))",
          "format": "table",
          "instant": true,
          "intervalFactor": 2,
          "legendFormat": "",
          "refId": "A",
          "step": 10
        },
        {
          "datasource": {
            "uid": "$datasource"
          },
          "expr": "sum by(pod) (rate(container_fs_writes_total{job=\"kubelet\", metrics_path=\"/metrics/cadvisor\", device=~\"(/dev/)?(mmcblk.p.+|nvme.+|rbd.+|sd.+|vd.+|xvd.+|dm-.+|md.+|dasd.+)\", container!=\"\", cluster=\"$cluster\", namespace=\"$namespace\"}[$__rate_interval]))",
          "format": "table",
          "instant": true,
          "intervalFactor": 2,
          "legendFormat": "",
          "refId": "B",
          "step": 10
        },
        {
          "datasource": {
            "uid": "$datasource"
          },
          "expr": "sum by(pod) (rate(container_fs_reads_total{job=\"kubelet\", metrics_path=\"/metrics/cadvisor\", device=~\"(/dev/)?(mmcblk.p.+|nvme.+|rbd.+|sd.+|vd.+|xvd.+|dm-.+|md.+|dasd.+)\", container!=\"\", cluster=\"$cluster\", namespace=\"$namespace\"}[$__rate_interval]) + rate(container_fs_writes_total{job=\"kubelet\", metrics_path=\"/metrics/cadvisor\", device=~\"(/dev/)?(mmcblk.p.+|nvme.+|rbd.+|sd.+|vd.+|xvd.+|dm-.+|md.+|dasd.+)\", container!=\"\", cluster=\"$cluster\", namespace=\"$namespace\"}[$__rate_interval]))",
          "format": "table",
          "instant": true,
          "intervalFactor": 2,
          "legendFormat": "",
          "refId": "C",
          "step": 10
        },
        {
          "datasource": {
            "uid": "$datasource"
          },
          "expr": "sum by(pod) (rate(container_fs_reads_bytes_total{job=\"kubelet\", metrics_path=\"/metrics/cadvisor\", device=~\"(/dev/)?(mmcblk.p.+|nvme.+|rbd.+|sd.+|vd.+|xvd.+|dm-.+|md.+|dasd.+)\", container!=\"\", cluster=\"$cluster\", namespace=\"$namespace\"}[$__rate_interval]))",
          "format": "table",
          "instant": true,
          "intervalFactor": 2,
          "legendFormat": "",
          "refId": "D",
          "step": 10
        },
        {
          "datasource": {
            "uid": "$datasource"
          },
          "expr": "sum by(pod) (rate(container_fs_writes_bytes_total{job=\"kubelet\", metrics_path=\"/metrics/cadvisor\", device=~\"(/dev/)?(mmcblk.p.+|nvme.+|rbd.+|sd.+|vd.+|xvd.+|dm-.+|md.+|dasd.+)\", container!=\"\", cluster=\"$cluster\", namespace=\"$namespace\"}[$__rate_interval]))",
          "format": "table",
          "instant": true,
          "intervalFactor": 2,
          "legendFormat": "",
          "refId": "E",
          "step": 10
        },
        {
          "datasource": {
            "uid": "$datasource"
          },
          "expr": "sum by(pod) (rate(container_fs_reads_bytes_total{job=\"kubelet\", metrics_path=\"/metrics/cadvisor\", device=~\"(/dev/)?(mmcblk.p.+|nvme.+|rbd.+|sd.+|vd.+|xvd.+|dm-.+|md.+|dasd.+)\", container!=\"\", cluster=\"$cluster\", namespace=\"$namespace\"}[$__rate_interval]) + rate(container_fs_writes_bytes_total{job=\"kubelet\", metrics_path=\"/metrics/cadvisor\", device=~\"(/dev/)?(mmcblk.p.+|nvme.+|rbd.+|sd.+|vd.+|xvd.+|dm-.+|md.+|dasd.+)\", container!=\"\", cluster=\"$cluster\", namespace=\"$namespace\"}[$__rate_interval]))",
          "format": "table",
          "instant": true,
          "intervalFactor": 2,
          "legendFormat": "",
          "refId": "F",
          "step": 10
        }
      ],
      "thresholds": [],
      "title": "Current Storage IO",
      "tooltip": {
        "shared": false,
        "sort": 2,
        "value_type": "individual"
      },
      "transform": "table",
      "type": "table-old",
      "xaxis": {
        "mode": "time",
        "show": true,
        "values": []
      },
      "yaxes": [
        {
          "format": "short",
          "logBase": 1,
          "min": 0,
          "show": true
        },
        {
          "format": "short",
          "logBase": 1,
          "show": false
        }
      ]
    }
  ],
  "refresh": "10s",
  "schemaVersion": 37,
  "style": "dark",
  "tags": [
    "kubernetes"
  ],
  "templating": {
    "list": [
      {
        "current": {
          "selected": false,
          "text": "default",
          "value": "default"
        },
        "hide": 0,
        "includeAll": false,
        "label": "Data Source",
        "multi": false,
        "name": "datasource",
        "options": [],
        "query": "prometheus",
        "refresh": 1,
        "regex": "",
        "skipUrlSync": false,
        "type": "datasource"
      },
      {
        "current": {
          "isNone": true,
          "selected": false,
          "text": "None",
          "value": ""
        },
        "datasource": {
          "type": "prometheus",
          "uid": "$datasource"
        },
        "definition": "",
        "hide": 2,
        "includeAll": false,
        "multi": false,
        "name": "cluster",
        "options": [],
        "query": {
          "query": "label_values(up{job=\"kube-state-metrics\"}, cluster)",
          "refId": "Prometheus-cluster-Variable-Query"
        },
        "refresh": 2,
        "regex": "",
        "skipUrlSync": false,
        "sort": 1,
        "tagValuesQuery": "",
        "tagsQuery": "",
        "type": "query",
        "useTags": false
      },
      {
        "current": {
          "selected": false,
          "text": "test-oscar-prometheus-exporters",
          "value": "test-oscar-prometheus-exporters"
        },
        "datasource": {
          "type": "prometheus",
          "uid": "$datasource"
        },
        "definition": "",
        "hide": 0,
        "includeAll": false,
        "multi": false,
        "name": "namespace",
        "options": [],
        "query": {
          "query": "label_values(kube_namespace_status_phase{job=\"kube-state-metrics\", cluster=\"$cluster\"}, namespace)",
          "refId": "Prometheus-namespace-Variable-Query"
        },
        "refresh": 2,
        "regex": "",
        "skipUrlSync": false,
        "sort": 1,
        "tagValuesQuery": "",
        "tagsQuery": "",
        "type": "query",
        "useTags": false
      }
    ]
  },
  "time": {
    "from": "now-1h",
    "to": "now"
  },
  "timepicker": {
    "refresh_intervals": [
      "5s",
      "10s",
      "30s",
      "1m",
      "5m",
      "15m",
      "30m",
      "1h",
      "2h",
      "1d"
    ],
    "time_options": [
      "5m",
      "15m",
      "1h",
      "6h",
      "12h",
      "24h",
      "2d",
      "7d",
      "30d"
    ]
  },
  "timezone": "browser",
  "title": "Kubernetes / Pods",
  "uid": "EaaS-k8s-pods",
  "version": 1
}
