{
  "annotations": {
    "list": [
      {
        "builtIn": 1,
        "datasource": {
          "type": "grafana",
          "uid": "-- Grafana --"
        },
        "enable": true,
        "hide": true,
        "iconColor": "rgba(0, 211, 255, 1)",
        "name": "Annotations & Alerts",
        "target": {
          "limit": 100,
          "matchAny": false,
          "tags": [],
          "type": "dashboard"
        },
        "type": "dashboard"
      }
    ]
  },
  "editable": true,
  "fiscalYearStartMonth": 0,
  "graphTooltip": 0,
  "id": 18,
  "links": [],
  "liveNow": false,
  "panels": [
    {
      "collapsed": false,
      "datasource": {
        "type": "prometheus",
        "uid": "prometheus"
      },
      "gridPos": {
        "h": 1,
        "w": 24,
        "x": 0,
        "y": 0
      },
      "id": 14,
      "panels": [],
      "targets": [
        {
          "datasource": {
            "type": "prometheus",
            "uid": "prometheus"
          },
          "refId": "A"
        }
      ],
      "title": "CPU Usage",
      "type": "row"
    },
    {
      "aliasColors": {},
      "bars": false,
      "dashLength": 10,
      "dashes": false,
      "datasource": {
        "uid": "Prometheus"
      },
      "fill": 10,
      "fillGradient": 0,
      "gridPos": {
        "h": 7,
        "w": 24,
        "x": 0,
        "y": 1
      },
      "hiddenSeries": false,
      "id": 1,
      "interval": "1m",
      "legend": {
        "alignAsTable": true,
        "avg": false,
        "current": false,
        "max": false,
        "min": false,
        "rightSide": true,
        "show": true,
        "total": false,
        "values": false
      },
      "lines": true,
      "linewidth": 0,
      "links": [],
      "nullPointMode": "null as zero",
      "options": {
        "alertThreshold": true
      },
      "percentage": false,
      "pluginVersion": "9.3.1",
      "pointradius": 5,
      "points": false,
      "renderer": "flot",
      "seriesOverrides": [
        {
          "alias": "quota - requests",
          "color": "#F2495C",
          "dashes": true,
          "fill": 0,
          "hiddenSeries": true,
          "hideTooltip": true,
          "legend": true,
          "linewidth": 2,
          "stack": false
        },
        {
          "alias": "quota - limits",
          "color": "#FF9830",
          "dashes": true,
          "fill": 0,
          "hiddenSeries": true,
          "hideTooltip": true,
          "legend": true,
          "linewidth": 2,
          "stack": false
        }
      ],
      "spaceLength": 10,
      "stack": true,
      "steppedLine": false,
      "targets": [
        {
          "datasource": {
            "uid": "Prometheus"
          },
          "expr": "sum(\n  node_namespace_pod_container:container_cpu_usage_seconds_total:sum_irate{cluster=\"$cluster\", namespace=\"$namespace\"}\n* on(namespace,pod)\n  group_left(workload, workload_type) namespace_workload_pod:kube_pod_owner:relabel{cluster=\"$cluster\", namespace=\"$namespace\", workload_type=\"$type\"}\n) by (workload, workload_type)\n",
          "format": "time_series",
          "intervalFactor": 2,
          "legendFormat": "{{workload}} - {{workload_type}}",
          "refId": "A",
          "step": 10
        },
        {
          "datasource": {
            "uid": "Prometheus"
          },
          "expr": "scalar(kube_resourcequota{cluster=\"$cluster\", namespace=\"$namespace\", type=\"hard\",resource=\"requests.cpu\"})",
          "format": "time_series",
          "intervalFactor": 2,
          "legendFormat": "quota - requests",
          "refId": "B",
          "step": 10
        },
        {
          "datasource": {
            "uid": "Prometheus"
          },
          "expr": "scalar(kube_resourcequota{cluster=\"$cluster\", namespace=\"$namespace\", type=\"hard\",resource=\"limits.cpu\"})",
          "format": "time_series",
          "intervalFactor": 2,
          "legendFormat": "quota - limits",
          "refId": "C",
          "step": 10
        }
      ],
      "thresholds": [],
      "timeRegions": [],
      "title": "CPU Usage",
      "tooltip": {
        "shared": false,
        "sort": 2,
        "value_type": "individual"
      },
      "type": "graph",
      "xaxis": {
        "mode": "time",
        "show": true,
        "values": []
      },
      "yaxes": [
        {
          "format": "short",
          "logBase": 1,
          "min": 0,
          "show": true
        },
        {
          "format": "short",
          "logBase": 1,
          "show": false
        }
      ],
      "yaxis": {
        "align": false
      }
    },
    {
      "collapsed": false,
      "datasource": {
        "type": "prometheus",
        "uid": "prometheus"
      },
      "gridPos": {
        "h": 1,
        "w": 24,
        "x": 0,
        "y": 8
      },
      "id": 15,
      "panels": [],
      "targets": [
        {
          "datasource": {
            "type": "prometheus",
            "uid": "prometheus"
          },
          "refId": "A"
        }
      ],
      "title": "CPU Quota",
      "type": "row"
    },
    {
      "aliasColors": {},
      "bars": false,
      "columns": [],
      "dashLength": 10,
      "dashes": false,
      "datasource": {
        "uid": "Prometheus"
      },
      "fill": 1,
      "fontSize": "100%",
      "gridPos": {
        "h": 7,
        "w": 24,
        "x": 0,
        "y": 9
      },
      "id": 2,
      "interval": "1m",
      "legend": {
        "alignAsTable": true,
        "avg": false,
        "current": false,
        "max": false,
        "min": false,
        "rightSide": true,
        "show": true,
        "total": false,
        "values": false
      },
      "lines": true,
      "linewidth": 1,
      "links": [],
      "nullPointMode": "null as zero",
      "percentage": false,
      "pointradius": 5,
      "points": false,
      "renderer": "flot",
      "seriesOverrides": [],
      "showHeader": true,
      "sort": {
        "col": 0,
        "desc": true
      },
      "spaceLength": 10,
      "stack": false,
      "steppedLine": false,
      "styles": [
        {
          "alias": "Time",
          "align": "auto",
          "dateFormat": "YYYY-MM-DD HH:mm:ss",
          "pattern": "Time",
          "type": "hidden"
        },
        {
          "alias": "Running Pods",
          "align": "auto",
          "colors": [],
          "dateFormat": "YYYY-MM-DD HH:mm:ss",
          "decimals": 0,
          "link": false,
          "linkTargetBlank": false,
          "linkTooltip": "Drill down",
          "linkUrl": "",
          "pattern": "Value #A",
          "thresholds": [],
          "type": "number",
          "unit": "short"
        },
        {
          "alias": "CPU Usage",
          "align": "auto",
          "colors": [],
          "dateFormat": "YYYY-MM-DD HH:mm:ss",
          "decimals": 2,
          "link": false,
          "linkTargetBlank": false,
          "linkTooltip": "Drill down",
          "linkUrl": "",
          "pattern": "Value #B",
          "thresholds": [],
          "type": "number",
          "unit": "short"
        },
        {
          "alias": "CPU Requests",
          "align": "auto",
          "colors": [],
          "dateFormat": "YYYY-MM-DD HH:mm:ss",
          "decimals": 2,
          "link": false,
          "linkTargetBlank": false,
          "linkTooltip": "Drill down",
          "linkUrl": "",
          "pattern": "Value #C",
          "thresholds": [],
          "type": "number",
          "unit": "short"
        },
        {
          "alias": "CPU Requests %",
          "align": "auto",
          "colors": [],
          "dateFormat": "YYYY-MM-DD HH:mm:ss",
          "decimals": 2,
          "link": false,
          "linkTargetBlank": false,
          "linkTooltip": "Drill down",
          "linkUrl": "",
          "pattern": "Value #D",
          "thresholds": [],
          "type": "number",
          "unit": "percentunit"
        },
        {
          "alias": "CPU Limits",
          "align": "auto",
          "colors": [],
          "dateFormat": "YYYY-MM-DD HH:mm:ss",
          "decimals": 2,
          "link": false,
          "linkTargetBlank": false,
          "linkTooltip": "Drill down",
          "linkUrl": "",
          "pattern": "Value #E",
          "thresholds": [],
          "type": "number",
          "unit": "short"
        },
        {
          "alias": "CPU Limits %",
          "align": "auto",
          "colors": [],
          "dateFormat": "YYYY-MM-DD HH:mm:ss",
          "decimals": 2,
          "link": false,
          "linkTargetBlank": false,
          "linkTooltip": "Drill down",
          "linkUrl": "",
          "pattern": "Value #F",
          "thresholds": [],
          "type": "number",
          "unit": "percentunit"
        },
        {
          "alias": "Workload",
          "align": "auto",
          "colors": [],
          "dateFormat": "YYYY-MM-DD HH:mm:ss",
          "decimals": 2,
          "link": true,
          "linkTargetBlank": false,
          "linkTooltip": "Drill down",
          "linkUrl": "/d/a164a7f0339f99e89cea5cb47e9be617/k8s-resources-workload?var-datasource=Prometheus&var-cluster=$cluster&var-namespace=$namespace&var-workload=$__cell&var-type=$__cell_2",
          "pattern": "workload",
          "thresholds": [],
          "type": "number",
          "unit": "short"
        },
        {
          "alias": "Workload Type",
          "align": "auto",
          "colors": [],
          "dateFormat": "YYYY-MM-DD HH:mm:ss",
          "decimals": 2,
          "link": false,
          "linkTargetBlank": false,
          "linkTooltip": "Drill down",
          "linkUrl": "",
          "pattern": "workload_type",
          "thresholds": [],
          "type": "number",
          "unit": "short"
        },
        {
          "alias": "",
          "align": "auto",
          "colors": [],
          "dateFormat": "YYYY-MM-DD HH:mm:ss",
          "decimals": 2,
          "pattern": "/.*/",
          "thresholds": [],
          "type": "string",
          "unit": "short"
        }
      ],
      "targets": [
        {
          "datasource": {
            "uid": "Prometheus"
          },
          "expr": "count(namespace_workload_pod:kube_pod_owner:relabel{cluster=\"$cluster\", namespace=\"$namespace\", workload_type=\"$type\"}) by (workload, workload_type)",
          "format": "table",
          "instant": true,
          "intervalFactor": 2,
          "legendFormat": "",
          "refId": "A",
          "step": 10
        },
        {
          "datasource": {
            "uid": "Prometheus"
          },
          "expr": "sum(\n  node_namespace_pod_container:container_cpu_usage_seconds_total:sum_irate{cluster=\"$cluster\", namespace=\"$namespace\"}\n* on(namespace,pod)\n  group_left(workload, workload_type) namespace_workload_pod:kube_pod_owner:relabel{cluster=\"$cluster\", namespace=\"$namespace\", workload_type=\"$type\"}\n) by (workload, workload_type)\n",
          "format": "table",
          "instant": true,
          "intervalFactor": 2,
          "legendFormat": "",
          "refId": "B",
          "step": 10
        },
        {
          "datasource": {
            "uid": "Prometheus"
          },
          "expr": "sum(\n  kube_pod_container_resource_requests{job=\"kube-state-metrics\", cluster=\"$cluster\", namespace=\"$namespace\", resource=\"cpu\"}\n* on(namespace,pod)\n  group_left(workload, workload_type) namespace_workload_pod:kube_pod_owner:relabel{cluster=\"$cluster\", namespace=\"$namespace\", workload_type=\"$type\"}\n) by (workload, workload_type)\n",
          "format": "table",
          "instant": true,
          "intervalFactor": 2,
          "legendFormat": "",
          "refId": "C",
          "step": 10
        },
        {
          "datasource": {
            "uid": "Prometheus"
          },
          "expr": "sum(\n  node_namespace_pod_container:container_cpu_usage_seconds_total:sum_irate{cluster=\"$cluster\", namespace=\"$namespace\"}\n* on(namespace,pod)\n  group_left(workload, workload_type) namespace_workload_pod:kube_pod_owner:relabel{cluster=\"$cluster\", namespace=\"$namespace\", workload_type=\"$type\"}\n) by (workload, workload_type)\n/sum(\n  kube_pod_container_resource_requests{job=\"kube-state-metrics\", cluster=\"$cluster\", namespace=\"$namespace\", resource=\"cpu\"}\n* on(namespace,pod)\n  group_left(workload, workload_type) namespace_workload_pod:kube_pod_owner:relabel{cluster=\"$cluster\", namespace=\"$namespace\", workload_type=\"$type\"}\n) by (workload, workload_type)\n",
          "format": "table",
          "instant": true,
          "intervalFactor": 2,
          "legendFormat": "",
          "refId": "D",
          "step": 10
        },
        {
          "datasource": {
            "uid": "Prometheus"
          },
          "expr": "sum(\n  kube_pod_container_resource_limits{job=\"kube-state-metrics\", cluster=\"$cluster\", namespace=\"$namespace\", resource=\"cpu\"}\n* on(namespace,pod)\n  group_left(workload, workload_type) namespace_workload_pod:kube_pod_owner:relabel{cluster=\"$cluster\", namespace=\"$namespace\", workload_type=\"$type\"}\n) by (workload, workload_type)\n",
          "format": "table",
          "instant": true,
          "intervalFactor": 2,
          "legendFormat": "",
          "refId": "E",
          "step": 10
        },
        {
          "datasource": {
            "uid": "Prometheus"
          },
          "expr": "sum(\n  node_namespace_pod_container:container_cpu_usage_seconds_total:sum_irate{cluster=\"$cluster\", namespace=\"$namespace\"}\n* on(namespace,pod)\n  group_left(workload, workload_type) namespace_workload_pod:kube_pod_owner:relabel{cluster=\"$cluster\", namespace=\"$namespace\", workload_type=\"$type\"}\n) by (workload, workload_type)\n/sum(\n  kube_pod_container_resource_limits{job=\"kube-state-metrics\", cluster=\"$cluster\", namespace=\"$namespace\", resource=\"cpu\"}\n* on(namespace,pod)\n  group_left(workload, workload_type) namespace_workload_pod:kube_pod_owner:relabel{cluster=\"$cluster\", namespace=\"$namespace\", workload_type=\"$type\"}\n) by (workload, workload_type)\n",
          "format": "table",
          "instant": true,
          "intervalFactor": 2,
          "legendFormat": "",
          "refId": "F",
          "step": 10
        }
      ],
      "thresholds": [],
      "title": "CPU Quota",
      "tooltip": {
        "shared": false,
        "sort": 2,
        "value_type": "individual"
      },
      "transform": "table",
      "type": "table-old",
      "xaxis": {
        "mode": "time",
        "show": true,
        "values": []
      },
      "yaxes": [
        {
          "format": "short",
          "logBase": 1,
          "min": 0,
          "show": true
        },
        {
          "format": "short",
          "logBase": 1,
          "show": false
        }
      ]
    },
    {
      "collapsed": false,
      "datasource": {
        "type": "prometheus",
        "uid": "prometheus"
      },
      "gridPos": {
        "h": 1,
        "w": 24,
        "x": 0,
        "y": 16
      },
      "id": 16,
      "panels": [],
      "targets": [
        {
          "datasource": {
            "type": "prometheus",
            "uid": "prometheus"
          },
          "refId": "A"
        }
      ],
      "title": "Memory Usage",
      "type": "row"
    },
    {
      "aliasColors": {},
      "bars": false,
      "dashLength": 10,
      "dashes": false,
      "datasource": {
        "uid": "Prometheus"
      },
      "fill": 10,
      "fillGradient": 0,
      "gridPos": {
        "h": 7,
        "w": 24,
        "x": 0,
        "y": 17
      },
      "hiddenSeries": false,
      "id": 3,
      "interval": "1m",
      "legend": {
        "alignAsTable": true,
        "avg": false,
        "current": false,
        "max": false,
        "min": false,
        "rightSide": true,
        "show": true,
        "total": false,
        "values": false
      },
      "lines": true,
      "linewidth": 0,
      "links": [],
      "nullPointMode": "null as zero",
      "options": {
        "alertThreshold": true
      },
      "percentage": false,
      "pluginVersion": "9.3.1",
      "pointradius": 5,
      "points": false,
      "renderer": "flot",
      "seriesOverrides": [
        {
          "alias": "quota - requests",
          "color": "#F2495C",
          "dashes": true,
          "fill": 0,
          "hiddenSeries": true,
          "hideTooltip": true,
          "legend": true,
          "linewidth": 2,
          "stack": false
        },
        {
          "alias": "quota - limits",
          "color": "#FF9830",
          "dashes": true,
          "fill": 0,
          "hiddenSeries": true,
          "hideTooltip": true,
          "legend": true,
          "linewidth": 2,
          "stack": false
        }
      ],
      "spaceLength": 10,
      "stack": true,
      "steppedLine": false,
      "targets": [
        {
          "datasource": {
            "uid": "Prometheus"
          },
          "expr": "sum(\n    container_memory_working_set_bytes{job=\"kubelet\", metrics_path=\"/metrics/cadvisor\", cluster=\"$cluster\", namespace=\"$namespace\", container!=\"\", image!=\"\"}\n  * on(namespace,pod)\n    group_left(workload, workload_type) namespace_workload_pod:kube_pod_owner:relabel{cluster=\"$cluster\", namespace=\"$namespace\", workload_type=\"$type\"}\n) by (workload, workload_type)\n",
          "format": "time_series",
          "intervalFactor": 2,
          "legendFormat": "{{workload}} - {{workload_type}}",
          "refId": "A",
          "step": 10
        },
        {
          "datasource": {
            "uid": "Prometheus"
          },
          "expr": "scalar(kube_resourcequota{cluster=\"$cluster\", namespace=\"$namespace\", type=\"hard\",resource=\"requests.memory\"})",
          "format": "time_series",
          "intervalFactor": 2,
          "legendFormat": "quota - requests",
          "refId": "B",
          "step": 10
        },
        {
          "datasource": {
            "uid": "Prometheus"
          },
          "expr": "scalar(kube_resourcequota{cluster=\"$cluster\", namespace=\"$namespace\", type=\"hard\",resource=\"limits.memory\"})",
          "format": "time_series",
          "intervalFactor": 2,
          "legendFormat": "quota - limits",
          "refId": "C",
          "step": 10
        }
      ],
      "thresholds": [],
      "timeRegions": [],
      "title": "Memory Usage",
      "tooltip": {
        "shared": false,
        "sort": 2,
        "value_type": "individual"
      },
      "type": "graph",
      "xaxis": {
        "mode": "time",
        "show": true,
        "values": []
      },
      "yaxes": [
        {
          "format": "bytes",
          "logBase": 1,
          "min": 0,
          "show": true
        },
        {
          "format": "short",
          "logBase": 1,
          "show": false
        }
      ],
      "yaxis": {
        "align": false
      }
    },
    {
      "collapsed": false,
      "datasource": {
        "type": "prometheus",
        "uid": "prometheus"
      },
      "gridPos": {
        "h": 1,
        "w": 24,
        "x": 0,
        "y": 24
      },
      "id": 17,
      "panels": [],
      "targets": [
        {
          "datasource": {
            "type": "prometheus",
            "uid": "prometheus"
          },
          "refId": "A"
        }
      ],
      "title": "Memory Quota",
      "type": "row"
    },
    {
      "aliasColors": {},
      "bars": false,
      "columns": [],
      "dashLength": 10,
      "dashes": false,
      "datasource": {
        "uid": "Prometheus"
      },
      "fill": 1,
      "fontSize": "100%",
      "gridPos": {
        "h": 7,
        "w": 24,
        "x": 0,
        "y": 25
      },
      "id": 4,
      "interval": "1m",
      "legend": {
        "alignAsTable": true,
        "avg": false,
        "current": false,
        "max": false,
        "min": false,
        "rightSide": true,
        "show": true,
        "total": false,
        "values": false
      },
      "lines": true,
      "linewidth": 1,
      "links": [],
      "nullPointMode": "null as zero",
      "percentage": false,
      "pointradius": 5,
      "points": false,
      "renderer": "flot",
      "seriesOverrides": [],
      "showHeader": true,
      "sort": {
        "col": 0,
        "desc": true
      },
      "spaceLength": 10,
      "stack": false,
      "steppedLine": false,
      "styles": [
        {
          "alias": "Time",
          "align": "auto",
          "dateFormat": "YYYY-MM-DD HH:mm:ss",
          "pattern": "Time",
          "type": "hidden"
        },
        {
          "alias": "Running Pods",
          "align": "auto",
          "colors": [],
          "dateFormat": "YYYY-MM-DD HH:mm:ss",
          "decimals": 0,
          "link": false,
          "linkTargetBlank": false,
          "linkTooltip": "Drill down",
          "linkUrl": "",
          "pattern": "Value #A",
          "thresholds": [],
          "type": "number",
          "unit": "short"
        },
        {
          "alias": "Memory Usage",
          "align": "auto",
          "colors": [],
          "dateFormat": "YYYY-MM-DD HH:mm:ss",
          "decimals": 2,
          "link": false,
          "linkTargetBlank": false,
          "linkTooltip": "Drill down",
          "linkUrl": "",
          "pattern": "Value #B",
          "thresholds": [],
          "type": "number",
          "unit": "bytes"
        },
        {
          "alias": "Memory Requests",
          "align": "auto",
          "colors": [],
          "dateFormat": "YYYY-MM-DD HH:mm:ss",
          "decimals": 2,
          "link": false,
          "linkTargetBlank": false,
          "linkTooltip": "Drill down",
          "linkUrl": "",
          "pattern": "Value #C",
          "thresholds": [],
          "type": "number",
          "unit": "bytes"
        },
        {
          "alias": "Memory Requests %",
          "align": "auto",
          "colors": [],
          "dateFormat": "YYYY-MM-DD HH:mm:ss",
          "decimals": 2,
          "link": false,
          "linkTargetBlank": false,
          "linkTooltip": "Drill down",
          "linkUrl": "",
          "pattern": "Value #D",
          "thresholds": [],
          "type": "number",
          "unit": "percentunit"
        },
        {
          "alias": "Memory Limits",
          "align": "auto",
          "colors": [],
          "dateFormat": "YYYY-MM-DD HH:mm:ss",
          "decimals": 2,
          "link": false,
          "linkTargetBlank": false,
          "linkTooltip": "Drill down",
          "linkUrl": "",
          "pattern": "Value #E",
          "thresholds": [],
          "type": "number",
          "unit": "bytes"
        },
        {
          "alias": "Memory Limits %",
          "align": "auto",
          "colors": [],
          "dateFormat": "YYYY-MM-DD HH:mm:ss",
          "decimals": 2,
          "link": false,
          "linkTargetBlank": false,
          "linkTooltip": "Drill down",
          "linkUrl": "",
          "pattern": "Value #F",
          "thresholds": [],
          "type": "number",
          "unit": "percentunit"
        },
        {
          "alias": "Workload",
          "align": "auto",
          "colors": [],
          "dateFormat": "YYYY-MM-DD HH:mm:ss",
          "decimals": 2,
          "link": true,
          "linkTargetBlank": false,
          "linkTooltip": "Drill down",
          "linkUrl": "/d/a164a7f0339f99e89cea5cb47e9be617/k8s-resources-workload?var-datasource=Prometheus&var-cluster=$cluster&var-namespace=$namespace&var-workload=$__cell&var-type=$__cell_2",
          "pattern": "workload",
          "thresholds": [],
          "type": "number",
          "unit": "short"
        },
        {
          "alias": "Workload Type",
          "align": "auto",
          "colors": [],
          "dateFormat": "YYYY-MM-DD HH:mm:ss",
          "decimals": 2,
          "link": false,
          "linkTargetBlank": false,
          "linkTooltip": "Drill down",
          "linkUrl": "",
          "pattern": "workload_type",
          "thresholds": [],
          "type": "number",
          "unit": "short"
        },
        {
          "alias": "",
          "align": "auto",
          "colors": [],
          "dateFormat": "YYYY-MM-DD HH:mm:ss",
          "decimals": 2,
          "pattern": "/.*/",
          "thresholds": [],
          "type": "string",
          "unit": "short"
        }
      ],
      "targets": [
        {
          "datasource": {
            "uid": "Prometheus"
          },
          "expr": "count(namespace_workload_pod:kube_pod_owner:relabel{cluster=\"$cluster\", namespace=\"$namespace\", workload_type=\"$type\"}) by (workload, workload_type)",
          "format": "table",
          "instant": true,
          "intervalFactor": 2,
          "legendFormat": "",
          "refId": "A",
          "step": 10
        },
        {
          "datasource": {
            "uid": "Prometheus"
          },
          "expr": "sum(\n    container_memory_working_set_bytes{job=\"kubelet\", metrics_path=\"/metrics/cadvisor\", cluster=\"$cluster\", namespace=\"$namespace\", container!=\"\", image!=\"\"}\n  * on(namespace,pod)\n    group_left(workload, workload_type) namespace_workload_pod:kube_pod_owner:relabel{cluster=\"$cluster\", namespace=\"$namespace\", workload_type=\"$type\"}\n) by (workload, workload_type)\n",
          "format": "table",
          "instant": true,
          "intervalFactor": 2,
          "legendFormat": "",
          "refId": "B",
          "step": 10
        },
        {
          "datasource": {
            "uid": "Prometheus"
          },
          "expr": "sum(\n  kube_pod_container_resource_requests{job=\"kube-state-metrics\", cluster=\"$cluster\", namespace=\"$namespace\", resource=\"memory\"}\n* on(namespace,pod)\n  group_left(workload, workload_type) namespace_workload_pod:kube_pod_owner:relabel{cluster=\"$cluster\", namespace=\"$namespace\", workload_type=\"$type\"}\n) by (workload, workload_type)\n",
          "format": "table",
          "instant": true,
          "intervalFactor": 2,
          "legendFormat": "",
          "refId": "C",
          "step": 10
        },
        {
          "datasource": {
            "uid": "Prometheus"
          },
          "expr": "sum(\n    container_memory_working_set_bytes{job=\"kubelet\", metrics_path=\"/metrics/cadvisor\", cluster=\"$cluster\", namespace=\"$namespace\", container!=\"\", image!=\"\"}\n  * on(namespace,pod)\n    group_left(workload, workload_type) namespace_workload_pod:kube_pod_owner:relabel{cluster=\"$cluster\", namespace=\"$namespace\", workload_type=\"$type\"}\n) by (workload, workload_type)\n/sum(\n  kube_pod_container_resource_requests{job=\"kube-state-metrics\", cluster=\"$cluster\", namespace=\"$namespace\", resource=\"memory\"}\n* on(namespace,pod)\n  group_left(workload, workload_type) namespace_workload_pod:kube_pod_owner:relabel{cluster=\"$cluster\", namespace=\"$namespace\", workload_type=\"$type\"}\n) by (workload, workload_type)\n",
          "format": "table",
          "instant": true,
          "intervalFactor": 2,
          "legendFormat": "",
          "refId": "D",
          "step": 10
        },
        {
          "datasource": {
            "uid": "Prometheus"
          },
          "expr": "sum(\n  kube_pod_container_resource_limits{job=\"kube-state-metrics\", cluster=\"$cluster\", namespace=\"$namespace\", resource=\"memory\"}\n* on(namespace,pod)\n  group_left(workload, workload_type) namespace_workload_pod:kube_pod_owner:relabel{cluster=\"$cluster\", namespace=\"$namespace\", workload_type=\"$type\"}\n) by (workload, workload_type)\n",
          "format": "table",
          "instant": true,
          "intervalFactor": 2,
          "legendFormat": "",
          "refId": "E",
          "step": 10
        },
        {
          "datasource": {
            "uid": "Prometheus"
          },
          "expr": "sum(\n    container_memory_working_set_bytes{job=\"kubelet\", metrics_path=\"/metrics/cadvisor\", cluster=\"$cluster\", namespace=\"$namespace\", container!=\"\", image!=\"\"}\n  * on(namespace,pod)\n    group_left(workload, workload_type) namespace_workload_pod:kube_pod_owner:relabel{cluster=\"$cluster\", namespace=\"$namespace\", workload_type=\"$type\"}\n) by (workload, workload_type)\n/sum(\n  kube_pod_container_resource_limits{job=\"kube-state-metrics\", cluster=\"$cluster\", namespace=\"$namespace\", resource=\"memory\"}\n* on(namespace,pod)\n  group_left(workload, workload_type) namespace_workload_pod:kube_pod_owner:relabel{cluster=\"$cluster\", namespace=\"$namespace\", workload_type=\"$type\"}\n) by (workload, workload_type)\n",
          "format": "table",
          "instant": true,
          "intervalFactor": 2,
          "legendFormat": "",
          "refId": "F",
          "step": 10
        }
      ],
      "thresholds": [],
      "title": "Memory Quota",
      "tooltip": {
        "shared": false,
        "sort": 2,
        "value_type": "individual"
      },
      "transform": "table",
      "type": "table-old",
      "xaxis": {
        "mode": "time",
        "show": true,
        "values": []
      },
      "yaxes": [
        {
          "format": "short",
          "logBase": 1,
          "min": 0,
          "show": true
        },
        {
          "format": "short",
          "logBase": 1,
          "show": false
        }
      ]
    },
    {
      "collapsed": false,
      "datasource": {
        "type": "prometheus",
        "uid": "prometheus"
      },
      "gridPos": {
        "h": 1,
        "w": 24,
        "x": 0,
        "y": 32
      },
      "id": 18,
      "panels": [],
      "targets": [
        {
          "datasource": {
            "type": "prometheus",
            "uid": "prometheus"
          },
          "refId": "A"
        }
      ],
      "title": "Current Network Usage",
      "type": "row"
    },
    {
      "aliasColors": {},
      "bars": false,
      "dashLength": 10,
      "dashes": false,
      "datasource": {
        "uid": "Prometheus"
      },
      "fill": 1,
      "gridPos": {
        "h": 7,
        "w": 24,
        "x": 0,
        "y": 33
      },
      "id": 5,
      "interval": "1m",
      "legend": {
        "alignAsTable": true,
        "avg": false,
        "current": false,
        "max": false,
        "min": false,
        "rightSide": true,
        "show": true,
        "total": false,
        "values": false
      },
      "lines": true,
      "linewidth": 1,
      "links": [],
      "nullPointMode": "null as zero",
      "percentage": false,
      "pointradius": 5,
      "points": false,
      "renderer": "flot",
      "seriesOverrides": [],
      "spaceLength": 10,
      "stack": false,
      "steppedLine": false,
      "styles": [
        {
          "alias": "Time",
          "align": "auto",
          "dateFormat": "YYYY-MM-DD HH:mm:ss",
          "pattern": "Time",
          "type": "hidden"
        },
        {
          "alias": "Current Receive Bandwidth",
          "align": "auto",
          "colors": [],
          "dateFormat": "YYYY-MM-DD HH:mm:ss",
          "decimals": 2,
          "link": false,
          "linkTargetBlank": false,
          "linkTooltip": "Drill down",
          "linkUrl": "",
          "pattern": "Value #A",
          "thresholds": [],
          "type": "number",
          "unit": "Bps"
        },
        {
          "alias": "Current Transmit Bandwidth",
          "align": "auto",
          "colors": [],
          "dateFormat": "YYYY-MM-DD HH:mm:ss",
          "decimals": 2,
          "link": false,
          "linkTargetBlank": false,
          "linkTooltip": "Drill down",
          "linkUrl": "",
          "pattern": "Value #B",
          "thresholds": [],
          "type": "number",
          "unit": "Bps"
        },
        {
          "alias": "Rate of Received Packets",
          "align": "auto",
          "colors": [],
          "dateFormat": "YYYY-MM-DD HH:mm:ss",
          "decimals": 2,
          "link": false,
          "linkTargetBlank": false,
          "linkTooltip": "Drill down",
          "linkUrl": "",
          "pattern": "Value #C",
          "thresholds": [],
          "type": "number",
          "unit": "pps"
        },
        {
          "alias": "Rate of Transmitted Packets",
          "align": "auto",
          "colors": [],
          "dateFormat": "YYYY-MM-DD HH:mm:ss",
          "decimals": 2,
          "link": false,
          "linkTargetBlank": false,
          "linkTooltip": "Drill down",
          "linkUrl": "",
          "pattern": "Value #D",
          "thresholds": [],
          "type": "number",
          "unit": "pps"
        },
        {
          "alias": "Rate of Received Packets Dropped",
          "align": "auto",
          "colors": [],
          "dateFormat": "YYYY-MM-DD HH:mm:ss",
          "decimals": 2,
          "link": false,
          "linkTargetBlank": false,
          "linkTooltip": "Drill down",
          "linkUrl": "",
          "pattern": "Value #E",
          "thresholds": [],
          "type": "number",
          "unit": "pps"
        },
        {
          "alias": "Rate of Transmitted Packets Dropped",
          "align": "auto",
          "colors": [],
          "dateFormat": "YYYY-MM-DD HH:mm:ss",
          "decimals": 2,
          "link": false,
          "linkTargetBlank": false,
          "linkTooltip": "Drill down",
          "linkUrl": "",
          "pattern": "Value #F",
          "thresholds": [],
          "type": "number",
          "unit": "pps"
        },
        {
          "alias": "Workload",
          "align": "auto",
          "colors": [],
          "dateFormat": "YYYY-MM-DD HH:mm:ss",
          "decimals": 2,
          "link": true,
          "linkTargetBlank": false,
          "linkTooltip": "Drill down to pods",
          "linkUrl": "/d/a164a7f0339f99e89cea5cb47e9be617/k8s-resources-workload?var-datasource=Prometheus&var-cluster=$cluster&var-namespace=$namespace&var-workload=$__cell&var-type=$type",
          "pattern": "workload",
          "thresholds": [],
          "type": "number",
          "unit": "short"
        },
        {
          "alias": "Workload Type",
          "align": "auto",
          "colors": [],
          "dateFormat": "YYYY-MM-DD HH:mm:ss",
          "decimals": 2,
          "link": false,
          "linkTargetBlank": false,
          "linkTooltip": "Drill down",
          "linkUrl": "",
          "pattern": "workload_type",
          "thresholds": [],
          "type": "number",
          "unit": "short"
        },
        {
          "alias": "",
          "align": "auto",
          "colors": [],
          "dateFormat": "YYYY-MM-DD HH:mm:ss",
          "decimals": 2,
          "pattern": "/.*/",
          "thresholds": [],
          "type": "string",
          "unit": "short"
        }
      ],
      "targets": [
        {
          "datasource": {
            "uid": "Prometheus"
          },
          "expr": "(sum(irate(container_network_receive_bytes_total{job=\"kubelet\", metrics_path=\"/metrics/cadvisor\", cluster=\"$cluster\", namespace=\"$namespace\"}[$__rate_interval])\n* on (namespace,pod)\ngroup_left(workload,workload_type) namespace_workload_pod:kube_pod_owner:relabel{cluster=\"$cluster\", namespace=\"$namespace\", workload_type=\"$type\"}) by (workload))\n",
          "format": "table",
          "instant": true,
          "intervalFactor": 2,
          "legendFormat": "",
          "refId": "A",
          "step": 10
        },
        {
          "datasource": {
            "uid": "Prometheus"
          },
          "expr": "(sum(irate(container_network_transmit_bytes_total{job=\"kubelet\", metrics_path=\"/metrics/cadvisor\", cluster=\"$cluster\", namespace=\"$namespace\"}[$__rate_interval])\n* on (namespace,pod)\ngroup_left(workload,workload_type) namespace_workload_pod:kube_pod_owner:relabel{cluster=\"$cluster\", namespace=\"$namespace\", workload_type=\"$type\"}) by (workload))\n",
          "format": "table",
          "instant": true,
          "intervalFactor": 2,
          "legendFormat": "",
          "refId": "B",
          "step": 10
        },
        {
          "datasource": {
            "uid": "Prometheus"
          },
          "expr": "(sum(irate(container_network_receive_packets_total{job=\"kubelet\", metrics_path=\"/metrics/cadvisor\", cluster=\"$cluster\", namespace=\"$namespace\"}[$__rate_interval])\n* on (namespace,pod)\ngroup_left(workload,workload_type) namespace_workload_pod:kube_pod_owner:relabel{cluster=\"$cluster\", namespace=\"$namespace\", workload_type=\"$type\"}) by (workload))\n",
          "format": "table",
          "instant": true,
          "intervalFactor": 2,
          "legendFormat": "",
          "refId": "C",
          "step": 10
        },
        {
          "datasource": {
            "uid": "Prometheus"
          },
          "expr": "(sum(irate(container_network_transmit_packets_total{job=\"kubelet\", metrics_path=\"/metrics/cadvisor\", cluster=\"$cluster\", namespace=\"$namespace\"}[$__rate_interval])\n* on (namespace,pod)\ngroup_left(workload,workload_type) namespace_workload_pod:kube_pod_owner:relabel{cluster=\"$cluster\", namespace=\"$namespace\", workload_type=\"$type\"}) by (workload))\n",
          "format": "table",
          "instant": true,
          "intervalFactor": 2,
          "legendFormat": "",
          "refId": "D",
          "step": 10
        },
        {
          "datasource": {
            "uid": "Prometheus"
          },
          "expr": "(sum(irate(container_network_receive_packets_dropped_total{job=\"kubelet\", metrics_path=\"/metrics/cadvisor\", cluster=\"$cluster\", namespace=\"$namespace\"}[$__rate_interval])\n* on (namespace,pod)\ngroup_left(workload,workload_type) namespace_workload_pod:kube_pod_owner:relabel{cluster=\"$cluster\", namespace=\"$namespace\", workload_type=\"$type\"}) by (workload))\n",
          "format": "table",
          "instant": true,
          "intervalFactor": 2,
          "legendFormat": "",
          "refId": "E",
          "step": 10
        },
        {
          "datasource": {
            "uid": "Prometheus"
          },
          "expr": "(sum(irate(container_network_transmit_packets_dropped_total{job=\"kubelet\", metrics_path=\"/metrics/cadvisor\", cluster=\"$cluster\", namespace=\"$namespace\"}[$__rate_interval])\n* on (namespace,pod)\ngroup_left(workload,workload_type) namespace_workload_pod:kube_pod_owner:relabel{cluster=\"$cluster\", namespace=\"$namespace\", workload_type=\"$type\"}) by (workload))\n",
          "format": "table",
          "instant": true,
          "intervalFactor": 2,
          "legendFormat": "",
          "refId": "F",
          "step": 10
        }
      ],
      "thresholds": [],
      "title": "Current Network Usage",
      "tooltip": {
        "shared": false,
        "sort": 2,
        "value_type": "individual"
      },
      "transform": "table",
      "type": "table-old",
      "xaxis": {
        "mode": "time",
        "show": true,
        "values": []
      },
      "yaxes": [
        {
          "format": "short",
          "logBase": 1,
          "min": 0,
          "show": true
        },
        {
          "format": "short",
          "logBase": 1,
          "show": false
        }
      ]
    },
    {
      "collapsed": false,
      "datasource": {
        "type": "prometheus",
        "uid": "prometheus"
      },
      "gridPos": {
        "h": 1,
        "w": 24,
        "x": 0,
        "y": 40
      },
      "id": 19,
      "panels": [],
      "targets": [
        {
          "datasource": {
            "type": "prometheus",
            "uid": "prometheus"
          },
          "refId": "A"
        }
      ],
      "title": "Bandwidth",
      "type": "row"
    },
    {
      "aliasColors": {},
      "bars": false,
      "dashLength": 10,
      "dashes": false,
      "datasource": {
        "uid": "Prometheus"
      },
      "fill": 10,
      "gridPos": {
        "h": 7,
        "w": 12,
        "x": 0,
        "y": 41
      },
      "id": 6,
      "interval": "1m",
      "legend": {
        "alignAsTable": true,
        "avg": false,
        "current": false,
        "max": false,
        "min": false,
        "rightSide": true,
        "show": true,
        "total": false,
        "values": false
      },
      "lines": true,
      "linewidth": 0,
      "links": [],
      "nullPointMode": "null as zero",
      "percentage": false,
      "pointradius": 5,
      "points": false,
      "renderer": "flot",
      "seriesOverrides": [],
      "spaceLength": 10,
      "stack": true,
      "steppedLine": false,
      "targets": [
        {
          "datasource": {
            "uid": "Prometheus"
          },
          "expr": "(sum(irate(container_network_receive_bytes_total{job=\"kubelet\", metrics_path=\"/metrics/cadvisor\", cluster=\"$cluster\", namespace=\"$namespace\"}[$__rate_interval])\n* on (namespace,pod)\ngroup_left(workload,workload_type) namespace_workload_pod:kube_pod_owner:relabel{cluster=\"$cluster\", namespace=\"$namespace\", workload=~\".+\", workload_type=\"$type\"}) by (workload))\n",
          "format": "time_series",
          "intervalFactor": 2,
          "legendFormat": "{{workload}}",
          "refId": "A",
          "step": 10
        }
      ],
      "thresholds": [],
      "title": "Receive Bandwidth",
      "tooltip": {
        "shared": false,
        "sort": 2,
        "value_type": "individual"
      },
      "type": "graph",
      "xaxis": {
        "mode": "time",
        "show": true,
        "values": []
      },
      "yaxes": [
        {
          "format": "Bps",
          "logBase": 1,
          "min": 0,
          "show": true
        },
        {
          "format": "short",
          "logBase": 1,
          "show": false
        }
      ]
    },
    {
      "aliasColors": {},
      "bars": false,
      "dashLength": 10,
      "dashes": false,
      "datasource": {
        "uid": "Prometheus"
      },
      "fill": 10,
      "gridPos": {
        "h": 7,
        "w": 12,
        "x": 12,
        "y": 41
      },
      "id": 7,
      "interval": "1m",
      "legend": {
        "alignAsTable": true,
        "avg": false,
        "current": false,
        "max": false,
        "min": false,
        "rightSide": true,
        "show": true,
        "total": false,
        "values": false
      },
      "lines": true,
      "linewidth": 0,
      "links": [],
      "nullPointMode": "null as zero",
      "percentage": false,
      "pointradius": 5,
      "points": false,
      "renderer": "flot",
      "seriesOverrides": [],
      "spaceLength": 10,
      "stack": true,
      "steppedLine": false,
      "targets": [
        {
          "datasource": {
            "uid": "Prometheus"
          },
          "expr": "(sum(irate(container_network_transmit_bytes_total{job=\"kubelet\", metrics_path=\"/metrics/cadvisor\", cluster=\"$cluster\", namespace=\"$namespace\"}[$__rate_interval])\n* on (namespace,pod)\ngroup_left(workload,workload_type) namespace_workload_pod:kube_pod_owner:relabel{cluster=\"$cluster\", namespace=\"$namespace\", workload=~\".+\", workload_type=\"$type\"}) by (workload))\n",
          "format": "time_series",
          "intervalFactor": 2,
          "legendFormat": "{{workload}}",
          "refId": "A",
          "step": 10
        }
      ],
      "thresholds": [],
      "title": "Transmit Bandwidth",
      "tooltip": {
        "shared": false,
        "sort": 2,
        "value_type": "individual"
      },
      "type": "graph",
      "xaxis": {
        "mode": "time",
        "show": true,
        "values": []
      },
      "yaxes": [
        {
          "format": "Bps",
          "logBase": 1,
          "min": 0,
          "show": true
        },
        {
          "format": "short",
          "logBase": 1,
          "show": false
        }
      ]
    },
    {
      "collapsed": false,
      "datasource": {
        "type": "prometheus",
        "uid": "prometheus"
      },
      "gridPos": {
        "h": 1,
        "w": 24,
        "x": 0,
        "y": 48
      },
      "id": 20,
      "panels": [],
      "targets": [
        {
          "datasource": {
            "type": "prometheus",
            "uid": "prometheus"
          },
          "refId": "A"
        }
      ],
      "title": "Average Container Bandwidth by Workload",
      "type": "row"
    },
    {
      "aliasColors": {},
      "bars": false,
      "dashLength": 10,
      "dashes": false,
      "datasource": {
        "uid": "Prometheus"
      },
      "fill": 10,
      "gridPos": {
        "h": 7,
        "w": 12,
        "x": 0,
        "y": 49
      },
      "id": 8,
      "interval": "1m",
      "legend": {
        "alignAsTable": true,
        "avg": false,
        "current": false,
        "max": false,
        "min": false,
        "rightSide": true,
        "show": true,
        "total": false,
        "values": false
      },
      "lines": true,
      "linewidth": 0,
      "links": [],
      "nullPointMode": "null as zero",
      "percentage": false,
      "pointradius": 5,
      "points": false,
      "renderer": "flot",
      "seriesOverrides": [],
      "spaceLength": 10,
      "stack": true,
      "steppedLine": false,
      "targets": [
        {
          "datasource": {
            "uid": "Prometheus"
          },
          "expr": "(avg(irate(container_network_receive_bytes_total{job=\"kubelet\", metrics_path=\"/metrics/cadvisor\", cluster=\"$cluster\", namespace=\"$namespace\"}[$__rate_interval])\n* on (namespace,pod)\ngroup_left(workload,workload_type) namespace_workload_pod:kube_pod_owner:relabel{cluster=\"$cluster\", namespace=\"$namespace\", workload=~\".+\", workload_type=\"$type\"}) by (workload))\n",
          "format": "time_series",
          "intervalFactor": 2,
          "legendFormat": "{{workload}}",
          "refId": "A",
          "step": 10
        }
      ],
      "thresholds": [],
      "title": "Average Container Bandwidth by Workload: Received",
      "tooltip": {
        "shared": false,
        "sort": 2,
        "value_type": "individual"
      },
      "type": "graph",
      "xaxis": {
        "mode": "time",
        "show": true,
        "values": []
      },
      "yaxes": [
        {
          "format": "Bps",
          "logBase": 1,
          "min": 0,
          "show": true
        },
        {
          "format": "short",
          "logBase": 1,
          "show": false
        }
      ]
    },
    {
      "aliasColors": {},
      "bars": false,
      "dashLength": 10,
      "dashes": false,
      "datasource": {
        "uid": "Prometheus"
      },
      "fill": 10,
      "gridPos": {
        "h": 7,
        "w": 12,
        "x": 12,
        "y": 49
      },
      "id": 9,
      "interval": "1m",
      "legend": {
        "alignAsTable": true,
        "avg": false,
        "current": false,
        "max": false,
        "min": false,
        "rightSide": true,
        "show": true,
        "total": false,
        "values": false
      },
      "lines": true,
      "linewidth": 0,
      "links": [],
      "nullPointMode": "null as zero",
      "percentage": false,
      "pointradius": 5,
      "points": false,
      "renderer": "flot",
      "seriesOverrides": [],
      "spaceLength": 10,
      "stack": true,
      "steppedLine": false,
      "targets": [
        {
          "datasource": {
            "uid": "Prometheus"
          },
          "expr": "(avg(irate(container_network_transmit_bytes_total{job=\"kubelet\", metrics_path=\"/metrics/cadvisor\", cluster=\"$cluster\", namespace=\"$namespace\"}[$__rate_interval])\n* on (namespace,pod)\ngroup_left(workload,workload_type) namespace_workload_pod:kube_pod_owner:relabel{cluster=\"$cluster\", namespace=\"$namespace\", workload=~\".+\", workload_type=\"$type\"}) by (workload))\n",
          "format": "time_series",
          "intervalFactor": 2,
          "legendFormat": "{{workload}}",
          "refId": "A",
          "step": 10
        }
      ],
      "thresholds": [],
      "title": "Average Container Bandwidth by Workload: Transmitted",
      "tooltip": {
        "shared": false,
        "sort": 2,
        "value_type": "individual"
      },
      "type": "graph",
      "xaxis": {
        "mode": "time",
        "show": true,
        "values": []
      },
      "yaxes": [
        {
          "format": "Bps",
          "logBase": 1,
          "min": 0,
          "show": true
        },
        {
          "format": "short",
          "logBase": 1,
          "show": false
        }
      ]
    },
    {
      "collapsed": false,
      "datasource": {
        "type": "prometheus",
        "uid": "prometheus"
      },
      "gridPos": {
        "h": 1,
        "w": 24,
        "x": 0,
        "y": 56
      },
      "id": 21,
      "panels": [],
      "targets": [
        {
          "datasource": {
            "type": "prometheus",
            "uid": "prometheus"
          },
          "refId": "A"
        }
      ],
      "title": "Rate of Packets",
      "type": "row"
    },
    {
      "aliasColors": {},
      "bars": false,
      "dashLength": 10,
      "dashes": false,
      "datasource": {
        "uid": "Prometheus"
      },
      "fill": 10,
      "gridPos": {
        "h": 7,
        "w": 12,
        "x": 0,
        "y": 57
      },
      "id": 10,
      "interval": "1m",
      "legend": {
        "alignAsTable": true,
        "avg": false,
        "current": false,
        "max": false,
        "min": false,
        "rightSide": true,
        "show": true,
        "total": false,
        "values": false
      },
      "lines": true,
      "linewidth": 0,
      "links": [],
      "nullPointMode": "null as zero",
      "percentage": false,
      "pointradius": 5,
      "points": false,
      "renderer": "flot",
      "seriesOverrides": [],
      "spaceLength": 10,
      "stack": true,
      "steppedLine": false,
      "targets": [
        {
          "datasource": {
            "uid": "Prometheus"
          },
          "expr": "(sum(irate(container_network_receive_packets_total{job=\"kubelet\", metrics_path=\"/metrics/cadvisor\", cluster=\"$cluster\", namespace=\"$namespace\"}[$__rate_interval])\n* on (namespace,pod)\ngroup_left(workload,workload_type) namespace_workload_pod:kube_pod_owner:relabel{cluster=\"$cluster\", namespace=\"$namespace\", workload=~\".+\", workload_type=\"$type\"}) by (workload))\n",
          "format": "time_series",
          "intervalFactor": 2,
          "legendFormat": "{{workload}}",
          "refId": "A",
          "step": 10
        }
      ],
      "thresholds": [],
      "title": "Rate of Received Packets",
      "tooltip": {
        "shared": false,
        "sort": 2,
        "value_type": "individual"
      },
      "type": "graph",
      "xaxis": {
        "mode": "time",
        "show": true,
        "values": []
      },
      "yaxes": [
        {
          "format": "pps",
          "logBase": 1,
          "min": 0,
          "show": true
        },
        {
          "format": "short",
          "logBase": 1,
          "show": false
        }
      ]
    },
    {
      "aliasColors": {},
      "bars": false,
      "dashLength": 10,
      "dashes": false,
      "datasource": {
        "uid": "Prometheus"
      },
      "fill": 10,
      "gridPos": {
        "h": 7,
        "w": 12,
        "x": 12,
        "y": 57
      },
      "id": 11,
      "interval": "1m",
      "legend": {
        "alignAsTable": true,
        "avg": false,
        "current": false,
        "max": false,
        "min": false,
        "rightSide": true,
        "show": true,
        "total": false,
        "values": false
      },
      "lines": true,
      "linewidth": 0,
      "links": [],
      "nullPointMode": "null as zero",
      "percentage": false,
      "pointradius": 5,
      "points": false,
      "renderer": "flot",
      "seriesOverrides": [],
      "spaceLength": 10,
      "stack": true,
      "steppedLine": false,
      "targets": [
        {
          "datasource": {
            "uid": "Prometheus"
          },
          "expr": "(sum(irate(container_network_transmit_packets_total{job=\"kubelet\", metrics_path=\"/metrics/cadvisor\", cluster=\"$cluster\", namespace=\"$namespace\"}[$__rate_interval])\n* on (namespace,pod)\ngroup_left(workload,workload_type) namespace_workload_pod:kube_pod_owner:relabel{cluster=\"$cluster\", namespace=\"$namespace\", workload=~\".+\", workload_type=\"$type\"}) by (workload))\n",
          "format": "time_series",
          "intervalFactor": 2,
          "legendFormat": "{{workload}}",
          "refId": "A",
          "step": 10
        }
      ],
      "thresholds": [],
      "title": "Rate of Transmitted Packets",
      "tooltip": {
        "shared": false,
        "sort": 2,
        "value_type": "individual"
      },
      "type": "graph",
      "xaxis": {
        "mode": "time",
        "show": true,
        "values": []
      },
      "yaxes": [
        {
          "format": "pps",
          "logBase": 1,
          "min": 0,
          "show": true
        },
        {
          "format": "short",
          "logBase": 1,
          "show": false
        }
      ]
    },
    {
      "collapsed": false,
      "datasource": {
        "type": "prometheus",
        "uid": "prometheus"
      },
      "gridPos": {
        "h": 1,
        "w": 24,
        "x": 0,
        "y": 64
      },
      "id": 22,
      "panels": [],
      "targets": [
        {
          "datasource": {
            "type": "prometheus",
            "uid": "prometheus"
          },
          "refId": "A"
        }
      ],
      "title": "Rate of Packets Dropped",
      "type": "row"
    },
    {
      "aliasColors": {},
      "bars": false,
      "dashLength": 10,
      "dashes": false,
      "datasource": {
        "uid": "Prometheus"
      },
      "fill": 10,
      "gridPos": {
        "h": 7,
        "w": 12,
        "x": 0,
        "y": 65
      },
      "id": 12,
      "interval": "1m",
      "legend": {
        "alignAsTable": true,
        "avg": false,
        "current": false,
        "max": false,
        "min": false,
        "rightSide": true,
        "show": true,
        "total": false,
        "values": false
      },
      "lines": true,
      "linewidth": 0,
      "links": [],
      "nullPointMode": "null as zero",
      "percentage": false,
      "pointradius": 5,
      "points": false,
      "renderer": "flot",
      "seriesOverrides": [],
      "spaceLength": 10,
      "stack": true,
      "steppedLine": false,
      "targets": [
        {
          "datasource": {
            "uid": "Prometheus"
          },
          "expr": "(sum(irate(container_network_receive_packets_dropped_total{job=\"kubelet\", metrics_path=\"/metrics/cadvisor\", cluster=\"$cluster\", namespace=\"$namespace\"}[$__rate_interval])\n* on (namespace,pod)\ngroup_left(workload,workload_type) namespace_workload_pod:kube_pod_owner:relabel{cluster=\"$cluster\", namespace=\"$namespace\", workload=~\".+\", workload_type=\"$type\"}) by (workload))\n",
          "format": "time_series",
          "intervalFactor": 2,
          "legendFormat": "{{workload}}",
          "refId": "A",
          "step": 10
        }
      ],
      "thresholds": [],
      "title": "Rate of Received Packets Dropped",
      "tooltip": {
        "shared": false,
        "sort": 2,
        "value_type": "individual"
      },
      "type": "graph",
      "xaxis": {
        "mode": "time",
        "show": true,
        "values": []
      },
      "yaxes": [
        {
          "format": "pps",
          "logBase": 1,
          "min": 0,
          "show": true
        },
        {
          "format": "short",
          "logBase": 1,
          "show": false
        }
      ]
    },
    {
      "aliasColors": {},
      "bars": false,
      "dashLength": 10,
      "dashes": false,
      "datasource": {
        "uid": "Prometheus"
      },
      "fill": 10,
      "gridPos": {
        "h": 7,
        "w": 12,
        "x": 12,
        "y": 65
      },
      "id": 13,
      "interval": "1m",
      "legend": {
        "alignAsTable": true,
        "avg": false,
        "current": false,
        "max": false,
        "min": false,
        "rightSide": true,
        "show": true,
        "total": false,
        "values": false
      },
      "lines": true,
      "linewidth": 0,
      "links": [],
      "nullPointMode": "null as zero",
      "percentage": false,
      "pointradius": 5,
      "points": false,
      "renderer": "flot",
      "seriesOverrides": [],
      "spaceLength": 10,
      "stack": true,
      "steppedLine": false,
      "targets": [
        {
          "datasource": {
            "uid": "Prometheus"
          },
          "expr": "(sum(irate(container_network_transmit_packets_dropped_total{job=\"kubelet\", metrics_path=\"/metrics/cadvisor\", cluster=\"$cluster\", namespace=\"$namespace\"}[$__rate_interval])\n* on (namespace,pod)\ngroup_left(workload,workload_type) namespace_workload_pod:kube_pod_owner:relabel{cluster=\"$cluster\", namespace=\"$namespace\", workload=~\".+\", workload_type=\"$type\"}) by (workload))\n",
          "format": "time_series",
          "intervalFactor": 2,
          "legendFormat": "{{workload}}",
          "refId": "A",
          "step": 10
        }
      ],
      "thresholds": [],
      "title": "Rate of Transmitted Packets Dropped",
      "tooltip": {
        "shared": false,
        "sort": 2,
        "value_type": "individual"
      },
      "type": "graph",
      "xaxis": {
        "mode": "time",
        "show": true,
        "values": []
      },
      "yaxes": [
        {
          "format": "pps",
          "logBase": 1,
          "min": 0,
          "show": true
        },
        {
          "format": "short",
          "logBase": 1,
          "show": false
        }
      ]
    }
  ],
  "refresh": "10s",
  "schemaVersion": 37,
  "style": "dark",
  "tags": [
    "kubernetes"
  ],
  "templating": {
    "list": [
      {
        "current": {
          "selected": false,
          "text": "default",
          "value": "default"
        },
        "hide": 0,
        "includeAll": false,
        "label": "Data Source",
        "multi": false,
        "name": "datasource",
        "options": [],
        "query": "prometheus",
        "refresh": 1,
        "regex": "",
        "skipUrlSync": false,
        "type": "datasource"
      },
      {
        "current": {
          "isNone": true,
          "selected": false,
          "text": "None",
          "value": ""
        },
        "datasource": {
          "type": "prometheus",
          "uid": "Prometheus"
        },
        "definition": "",
        "hide": 2,
        "includeAll": false,
        "multi": false,
        "name": "cluster",
        "options": [],
        "query": {
          "query": "label_values(up{job=\"kube-state-metrics\"}, cluster)",
          "refId": "Prometheus-cluster-Variable-Query"
        },
        "refresh": 2,
        "regex": "",
        "skipUrlSync": false,
        "sort": 1,
        "tagValuesQuery": "",
        "tagsQuery": "",
        "type": "query",
        "useTags": false
      },
      {
        "current": {
          "selected": false,
          "text": "cert-manager",
          "value": "cert-manager"
        },
        "datasource": {
          "type": "prometheus",
          "uid": "Prometheus"
        },
        "definition": "",
        "hide": 0,
        "includeAll": false,
        "multi": false,
        "name": "namespace",
        "options": [],
        "query": {
          "query": "label_values(kube_pod_info{job=\"kube-state-metrics\", cluster=\"$cluster\"}, namespace)",
          "refId": "Prometheus-namespace-Variable-Query"
        },
        "refresh": 2,
        "regex": "",
        "skipUrlSync": false,
        "sort": 1,
        "tagValuesQuery": "",
        "tagsQuery": "",
        "type": "query",
        "useTags": false
      },
      {
        "auto": false,
        "auto_count": 30,
        "auto_min": "10s",
        "current": {
          "selected": false,
          "text": "deployment",
          "value": "deployment"
        },
        "datasource": {
          "type": "prometheus",
          "uid": "Prometheus"
        },
        "definition": "label_values(namespace_workload_pod:kube_pod_owner:relabel{cluster=\"$cluster\", namespace=\"$namespace\", workload=~\".+\"}, workload_type)",
        "hide": 0,
        "includeAll": false,
        "multi": false,
        "name": "type",
        "options": [],
        "query": {
          "query": "label_values(namespace_workload_pod:kube_pod_owner:relabel{cluster=\"$cluster\", namespace=\"$namespace\", workload=~\".+\"}, workload_type)",
          "refId": "Prometheus-type-Variable-Query"
        },
        "refresh": 2,
        "regex": "",
        "skipUrlSync": false,
        "sort": 0,
        "tagValuesQuery": "",
        "tagsQuery": "",
        "type": "query",
        "useTags": false
      }
    ]
  },
  "time": {
    "from": "now-1h",
    "to": "now"
  },
  "timepicker": {
    "refresh_intervals": [
      "5s",
      "10s",
      "30s",
      "1m",
      "5m",
      "15m",
      "30m",
      "1h",
      "2h",
      "1d"
    ],
    "time_options": [
      "5m",
      "15m",
      "1h",
      "6h",
      "12h",
      "24h",
      "2d",
      "7d",
      "30d"
    ]
  },
  "timezone": "browser",
  "title": "Kubernetes / Workloads",
  "uid": "EaaS-k8s-workloads",
  "version": 1
}
