{
  "annotations": {
    "list": [
      {
        "builtIn": 1,
        "datasource": {
          "type": "grafana",
          "uid": "-- Grafana --"
        },
        "enable": true,
        "hide": true,
        "iconColor": "rgba(0, 211, 255, 1)",
        "name": "Annotations & Alerts",
        "target": {
          "limit": 100,
          "matchAny": false,
          "tags": [],
          "type": "dashboard"
        },
        "type": "dashboard"
      }
    ]
  },
  "editable": true,
  "fiscalYearStartMonth": 0,
  "graphTooltip": 0,
  "id": 39,
  "links": [],
  "liveNow": false,
  "panels": [
    {
      "collapsed": false,
      "gridPos": {
        "h": 1,
        "w": 24,
        "x": 0,
        "y": 0
      },
      "id": 18,
      "panels": [],
      "title": "Key Metrics",
      "type": "row"
    },
    {
      "datasource": {
        "type": "prometheus",
        "uid": "prometheus"
      },
      "gridPos": {
        "h": 9,
        "w": 3,
        "x": 0,
        "y": 1
      },
      "id": 4,
      "options": {
        "code": {
          "language": "plaintext",
          "showLineNumbers": false,
          "showMiniMap": false
        },
        "content": "# Flow Latency\n---\n\nThe elapsed time between a flow starting (defined as the first event for that flow being processed) and finishing (the last event for that flow being processed and the flow marked as completed).\n\n**All times are in UTC**\n",
        "mode": "markdown"
      },
      "pluginVersion": "9.3.1",
      "type": "text"
    },
    {
      "datasource": {
        "type": "prometheus",
        "uid": "prometheus"
      },
      "fieldConfig": {
        "defaults": {
          "color": {
            "mode": "palette-classic"
          },
          "custom": {
            "axisCenteredZero": false,
            "axisColorMode": "text",
            "axisLabel": "",
            "axisPlacement": "auto",
            "barAlignment": 0,
            "drawStyle": "line",
            "fillOpacity": 0,
            "gradientMode": "none",
            "hideFrom": {
              "legend": false,
              "tooltip": false,
              "viz": false
            },
            "lineInterpolation": "linear",
            "lineWidth": 1,
            "pointSize": 1,
            "scaleDistribution": {
              "type": "linear"
            },
            "showPoints": "always",
            "spanNulls": false,
            "stacking": {
              "group": "A",
              "mode": "none"
            },
            "thresholdsStyle": {
              "mode": "off"
            }
          },
          "mappings": [],
          "thresholds": {
            "mode": "absolute",
            "steps": [
              {
                "color": "green",
                "value": null
              },
              {
                "color": "red",
                "value": 80
              }
            ]
          },
          "unit": "s"
        },
        "overrides": []
      },
      "gridPos": {
        "h": 9,
        "w": 16,
        "x": 3,
        "y": 1
      },
      "id": 2,
      "options": {
        "legend": {
          "calcs": [],
          "displayMode": "list",
          "placement": "bottom",
          "showLegend": false
        },
        "timezone": [
          "utc"
        ],
        "tooltip": {
          "mode": "single",
          "sort": "none"
        }
      },
      "pluginVersion": "9.3.1",
      "targets": [
        {
          "datasource": {
            "type": "prometheus",
            "uid": "prometheus"
          },
          "editorMode": "builder",
          "expr": "sum(rate(corda_flow_run_time_seconds_sum{namespace=~\"$namespace\", container=\"corda-flow-worker\"}[$__rate_interval]))",
          "hide": true,
          "legendFormat": "__auto",
          "range": true,
          "refId": "TOTAL_RUNTIME_SECONDS_PER_FLOW"
        },
        {
          "datasource": {
            "type": "prometheus",
            "uid": "prometheus"
          },
          "editorMode": "builder",
          "expr": "sum(rate(corda_flow_run_time_seconds_count{namespace=~\"$namespace\", container=\"corda-flow-worker\"}[$__rate_interval]))",
          "hide": true,
          "legendFormat": "__auto",
          "range": true,
          "refId": "TOTAL_FLOW_COUNT"
        },
        {
          "datasource": {
            "name": "Expression",
            "type": "__expr__",
            "uid": "__expr__"
          },
          "expression": "$TOTAL_RUNTIME_SECONDS_PER_FLOW/$TOTAL_FLOW_COUNT",
          "hide": false,
          "refId": "Time",
          "type": "math"
        }
      ],
      "type": "timeseries"
    },
    {
      "datasource": {
        "type": "datasource",
        "uid": "-- Dashboard --"
      },
      "fieldConfig": {
        "defaults": {
          "color": {
            "mode": "thresholds"
          },
          "mappings": [],
          "thresholds": {
            "mode": "absolute",
            "steps": [
              {
                "color": "green",
                "value": null
              }
            ]
          },
          "unit": "s"
        },
        "overrides": []
      },
      "gridPos": {
        "h": 9,
        "w": 5,
        "x": 19,
        "y": 1
      },
      "id": 14,
      "options": {
        "colorMode": "value",
        "graphMode": "area",
        "justifyMode": "auto",
        "orientation": "horizontal",
        "reduceOptions": {
          "calcs": [
            "lastNotNull"
          ],
          "fields": "",
          "values": false
        },
        "textMode": "auto"
      },
      "pluginVersion": "9.3.1",
      "targets": [
        {
          "datasource": {
            "type": "datasource",
            "uid": "-- Dashboard --"
          },
          "panelId": 2,
          "refId": "A"
        }
      ],
      "transformations": [
        {
          "id": "filterByValue",
          "options": {
            "filters": [
              {
                "config": {
                  "id": "greater",
                  "options": {
                    "value": 0
                  }
                },
                "fieldName": "Time 2"
              }
            ],
            "match": "any",
            "type": "include"
          }
        },
        {
          "id": "reduce",
          "options": {
            "reducers": [
              "min",
              "mean",
              "max"
            ]
          }
        }
      ],
      "type": "stat"
    },
    {
      "datasource": {
        "type": "prometheus",
        "uid": "prometheus"
      },
      "gridPos": {
        "h": 9,
        "w": 3,
        "x": 0,
        "y": 10
      },
      "id": 6,
      "options": {
        "code": {
          "language": "plaintext",
          "showLineNumbers": false,
          "showMiniMap": false
        },
        "content": "# Flow Completion Rate\n---\n\nNumber of flows completing per second. Used as a proxy for transactions per second, although the two are technically not directly linked unless each flow is doing exactly one transaction.\n\n**All times are in UTC**",
        "mode": "markdown"
      },
      "pluginVersion": "9.3.1",
      "type": "text"
    },
    {
      "datasource": {
        "type": "prometheus",
        "uid": "prometheus"
      },
      "fieldConfig": {
        "defaults": {
          "color": {
            "fixedColor": "green",
            "mode": "fixed"
          },
          "custom": {
            "axisCenteredZero": false,
            "axisColorMode": "text",
            "axisLabel": "",
            "axisPlacement": "auto",
            "barAlignment": 0,
            "drawStyle": "line",
            "fillOpacity": 0,
            "gradientMode": "none",
            "hideFrom": {
              "legend": false,
              "tooltip": false,
              "viz": false
            },
            "lineInterpolation": "linear",
            "lineWidth": 1,
            "pointSize": 5,
            "scaleDistribution": {
              "type": "linear"
            },
            "showPoints": "never",
            "spanNulls": false,
            "stacking": {
              "group": "A",
              "mode": "none"
            },
            "thresholdsStyle": {
              "mode": "off"
            }
          },
          "mappings": [],
          "thresholds": {
            "mode": "absolute",
            "steps": [
              {
                "color": "blue",
                "value": null
              },
              {
                "color": "red",
                "value": 80
              }
            ]
          },
          "unit": "ops"
        },
        "overrides": []
      },
      "gridPos": {
        "h": 9,
        "w": 16,
        "x": 3,
        "y": 10
      },
      "id": 8,
      "options": {
        "legend": {
          "calcs": [],
          "displayMode": "list",
          "placement": "bottom",
          "showLegend": false
        },
        "timezone": [
          "utc"
        ],
        "tooltip": {
          "mode": "single",
          "sort": "none"
        }
      },
      "targets": [
        {
          "datasource": {
            "type": "prometheus",
            "uid": "prometheus"
          },
          "editorMode": "builder",
          "exemplar": false,
          "expr": "sum(rate(corda_flow_run_time_seconds_count{namespace=~\"$namespace\", container=\"corda-flow-worker\"}[$__rate_interval]))",
          "hide": false,
          "instant": false,
          "legendFormat": "__auto",
          "range": true,
          "refId": "Flow"
        }
      ],
      "type": "timeseries"
    },
    {
      "datasource": {
        "type": "datasource",
        "uid": "-- Dashboard --"
      },
      "fieldConfig": {
        "defaults": {
          "color": {
            "mode": "thresholds"
          },
          "mappings": [],
          "thresholds": {
            "mode": "absolute",
            "steps": [
              {
                "color": "green",
                "value": null
              }
            ]
          },
          "unit": "ops/s"
        },
        "overrides": []
      },
      "gridPos": {
        "h": 7,
        "w": 5,
        "x": 19,
        "y": 10
      },
      "id": 15,
      "options": {
        "colorMode": "value",
        "graphMode": "area",
        "justifyMode": "auto",
        "orientation": "horizontal",
        "reduceOptions": {
          "calcs": [
            "lastNotNull"
          ],
          "fields": "",
          "values": false
        },
        "text": {},
        "textMode": "auto"
      },
      "pluginVersion": "9.3.1",
      "targets": [
        {
          "datasource": {
            "type": "datasource",
            "uid": "-- Dashboard --"
          },
          "panelId": 8,
          "refId": "A"
        }
      ],
      "transformations": [
        {
          "id": "reduce",
          "options": {
            "reducers": [
              "logmin",
              "mean",
              "max"
            ]
          }
        }
      ],
      "type": "stat"
    },
    {
      "datasource": {
        "type": "datasource",
        "uid": "-- Dashboard --"
      },
      "fieldConfig": {
        "defaults": {
          "color": {
            "mode": "thresholds"
          },
          "mappings": [],
          "thresholds": {
            "mode": "absolute",
            "steps": [
              {
                "color": "green",
                "value": null
              }
            ]
          },
          "unit": "completions"
        },
        "overrides": []
      },
      "gridPos": {
        "h": 2,
        "w": 5,
        "x": 19,
        "y": 17
      },
      "id": 21,
      "options": {
        "colorMode": "value",
        "graphMode": "area",
        "justifyMode": "auto",
        "orientation": "horizontal",
        "reduceOptions": {
          "calcs": [
            "lastNotNull"
          ],
          "fields": "",
          "values": false
        },
        "textMode": "auto"
      },
      "pluginVersion": "9.3.1",
      "targets": [
        {
          "datasource": {
            "type": "datasource",
            "uid": "-- Dashboard --"
          },
          "panelId": 8,
          "refId": "A"
        }
      ],
      "transformations": [
        {
          "id": "reduce",
          "options": {
            "reducers": [
              "sum"
            ]
          }
        }
      ],
      "type": "stat"
    },
    {
      "datasource": {
        "type": "prometheus",
        "uid": "prometheus"
      },
      "gridPos": {
        "h": 9,
        "w": 3,
        "x": 0,
        "y": 19
      },
      "id": 10,
      "options": {
        "code": {
          "language": "plaintext",
          "showLineNumbers": false,
          "showMiniMap": false
        },
        "content": "# Flow Failure Rate\n---\n\nThe rate at which flows terminate with failure under steady state conditions\n\n**All times are in UTC**",
        "mode": "markdown"
      },
      "pluginVersion": "9.3.1",
      "type": "text"
    },
    {
      "datasource": {
        "type": "prometheus",
        "uid": "prometheus"
      },
      "fieldConfig": {
        "defaults": {
          "color": {
            "mode": "palette-classic"
          },
          "custom": {
            "axisCenteredZero": false,
            "axisColorMode": "text",
            "axisLabel": "",
            "axisPlacement": "auto",
            "barAlignment": 0,
            "drawStyle": "line",
            "fillOpacity": 0,
            "gradientMode": "none",
            "hideFrom": {
              "legend": false,
              "tooltip": false,
              "viz": false
            },
            "lineInterpolation": "linear",
            "lineWidth": 1,
            "pointSize": 5,
            "scaleDistribution": {
              "type": "linear"
            },
            "showPoints": "never",
            "spanNulls": true,
            "stacking": {
              "group": "A",
              "mode": "none"
            },
            "thresholdsStyle": {
              "mode": "off"
            }
          },
          "mappings": [],
          "noValue": "No Failures Detected",
          "thresholds": {
            "mode": "absolute",
            "steps": [
              {
                "color": "green",
                "value": null
              },
              {
                "color": "red",
                "value": 80
              }
            ]
          },
          "unit": "ops"
        },
        "overrides": []
      },
      "gridPos": {
        "h": 9,
        "w": 16,
        "x": 3,
        "y": 19
      },
      "id": 12,
      "options": {
        "legend": {
          "calcs": [],
          "displayMode": "list",
          "placement": "bottom",
          "showLegend": false
        },
        "timezone": [
          "utc"
        ],
        "tooltip": {
          "mode": "single",
          "sort": "none"
        }
      },
      "targets": [
        {
          "datasource": {
            "type": "prometheus",
            "uid": "prometheus"
          },
          "editorMode": "builder",
          "exemplar": false,
          "expr": "sum by(status) (rate(corda_flow_run_time_seconds_count{namespace=~\"$namespace\", container=\"corda-flow-worker\", status=\"FAILED\"}[$__rate_interval]))",
          "hide": false,
          "instant": false,
          "interval": "",
          "legendFormat": "__auto",
          "range": true,
          "refId": "FAILURES_PER_SECOND"
        }
      ],
      "type": "timeseries"
    },
    {
      "datasource": {
        "type": "datasource",
        "uid": "-- Dashboard --"
      },
      "fieldConfig": {
        "defaults": {
          "color": {
            "mode": "thresholds"
          },
          "mappings": [],
          "noValue": "No failures detected",
          "thresholds": {
            "mode": "absolute",
            "steps": [
              {
                "color": "green",
                "value": null
              }
            ]
          },
          "unit": "ops/s"
        },
        "overrides": []
      },
      "gridPos": {
        "h": 7,
        "w": 5,
        "x": 19,
        "y": 19
      },
      "id": 16,
      "options": {
        "colorMode": "value",
        "graphMode": "area",
        "justifyMode": "auto",
        "orientation": "horizontal",
        "reduceOptions": {
          "calcs": [
            "lastNotNull"
          ],
          "fields": "",
          "values": false
        },
        "textMode": "auto"
      },
      "pluginVersion": "9.3.1",
      "targets": [
        {
          "datasource": {
            "type": "datasource",
            "uid": "-- Dashboard --"
          },
          "panelId": 12,
          "refId": "A"
        }
      ],
      "transformations": [
        {
          "id": "reduce",
          "options": {
            "reducers": [
              "logmin",
              "mean",
              "max"
            ]
          }
        }
      ],
      "type": "stat"
    },
    {
      "datasource": {
        "type": "datasource",
        "uid": "-- Dashboard --"
      },
      "fieldConfig": {
        "defaults": {
          "color": {
            "mode": "thresholds"
          },
          "mappings": [],
          "thresholds": {
            "mode": "absolute",
            "steps": [
              {
                "color": "green",
                "value": null
              }
            ]
          },
          "unit": "failures"
        },
        "overrides": []
      },
      "gridPos": {
        "h": 2,
        "w": 5,
        "x": 19,
        "y": 26
      },
      "id": 20,
      "options": {
        "colorMode": "value",
        "graphMode": "area",
        "justifyMode": "auto",
        "orientation": "horizontal",
        "reduceOptions": {
          "calcs": [
            "lastNotNull"
          ],
          "fields": "",
          "values": false
        },
        "textMode": "auto"
      },
      "pluginVersion": "9.3.1",
      "targets": [
        {
          "datasource": {
            "type": "datasource",
            "uid": "-- Dashboard --"
          },
          "panelId": 12,
          "refId": "A"
        }
      ],
      "transformations": [
        {
          "id": "reduce",
          "options": {
            "reducers": [
              "sum"
            ]
          }
        }
      ],
      "type": "stat"
    }
  ],
  "refresh": false,
  "schemaVersion": 37,
  "style": "dark",
  "tags": [],
  "templating": {
    "list": [
      {
        "current": {
          "selected": false,
          "text": "All",
          "value": "$__all"
        },
        "datasource": {
          "type": "prometheus",
          "uid": "prometheus"
        },
        "definition": "label_values(container_cpu_usage_seconds_total,namespace)",
        "description": "Kubernetes Namespace",
        "hide": 0,
        "includeAll": true,
        "label": "Deployment Namespace",
        "multi": true,
        "name": "namespace",
        "options": [],
        "query": {
          "query": "label_values(container_cpu_usage_seconds_total,namespace)",
          "refId": "StandardVariableQuery"
        },
        "refresh": 2,
        "regex": "",
        "skipUrlSync": false,
        "sort": 0,
        "type": "query"
      }
    ]
  },
  "time": {
    "from": "now-15m",
    "to": "now"
  },
  "timepicker": {},
  "timezone": "",
  "title": "Performance & Reliability / Key Metrics",
  "uid": "r2l_jLa4z",
  "version": 8,
  "weekStart": ""
}
